lookup_name,symbol,lookup_type,lookup_symbol,order,as_of_date
BLK_MAS,AAAU,TLH_SUB,GLDM,1,10/20/2025
BLK_MAS,ABLD,TLH_SUB,VONV,1,10/20/2025
BLK_MAS,ACWI,TLH_SUB,GLOF,1,10/20/2025
BLK_MAS,ACWV,TLH_SUB,USMV,1,10/20/2025
BLK_MAS,AGG,TLH_SUB,IUSB,1,10/20/2025
BLK_MAS,AGG,TLH_SUB,GBF,2,10/20/2025
BLK_MAS,AGGY,TLH_SUB,AGG,1,10/20/2025
BLK_MAS,AGOX,TLH_SUB,SCHB,1,10/20/2025
BLK_MAS,AGOX,TLH_SUB,VTI,2,10/20/2025
BLK_MAS,AGZ,TLH_SUB,IEI,1,10/20/2025
BLK_MAS,AIQ,TLH_SUB,FTEC,1,10/20/2025
BLK_MAS,ALAI,TLH_SUB,WTAI,1,10/20/2025
BLK_MAS,ANGL,TLH_SUB,FALN,1,10/20/2025
BLK_MAS,ARTY,TLH_SUB,IYW,1,10/20/2025
BLK_MAS,AVDE,TLH_SUB,VEA,1,10/20/2025
BLK_MAS,AVEM,TLH_SUB,SPEM,1,10/20/2025
BLK_MAS,AVIG,TLH_SUB,BIV,1,10/20/2025
BLK_MAS,AVLC,TLH_SUB,MGC,1,10/20/2025
BLK_MAS,AVLC,TLH_SUB,JMOM,2,10/20/2025
BLK_MAS,AVLV,TLH_SUB,VLU,1,10/20/2025
BLK_MAS,AVUS,TLH_SUB,SCHX,1,10/20/2025
BLK_MAS,AVUV,TLH_SUB,VFVA,1,10/20/2025
BLK_MAS,BAI,TLH_SUB,IYW,1,10/20/2025
BLK_MAS,BAI,TLH_SUB,IVW,2,10/20/2025
BLK_MAS,BAI,TLH_SUB,IWY,3,10/20/2025
BLK_MAS,BALI,TLH_SUB,USMV,1,10/20/2025
BLK_MAS,BBCB,TLH_SUB,LQD,1,10/20/2025
BLK_MAS,BBIN,TLH_SUB,VXUS,1,10/20/2025
BLK_MAS,BBIN,TLH_SUB,VEU,2,10/20/2025
BLK_MAS,BIDD,TLH_SUB,EFA,1,10/20/2025
BLK_MAS,BDVL,TLH_SUB,ACWV,1,10/20/2025
BLK_MAS,BDYN,TLH_SUB,URTH,1,10/20/2025
BLK_MAS,BILS,TLH_SUB,GBIL,1,10/20/2025
BLK_MAS,BINC,TLH_SUB,HYG,1,10/20/2025
BLK_MAS,BINC,TLH_SUB,USHY,2,10/20/2025
BLK_MAS,BIV,TLH_SUB,SCHR,1,10/20/2025
BLK_MAS,BKHY,TLH_SUB,HYG,1,10/20/2025
BLK_MAS,BKLN,TLH_SUB,SJNK,1,10/20/2025
BLK_MAS,BND,TLH_SUB,BIV,1,10/20/2025
BLK_MAS,BNDX,TLH_SUB,BNDW,1,10/20/2025
BLK_MAS,BOND,TLH_SUB,AGG,1,10/20/2025
BLK_MAS,BOND,TLH_SUB,VBND,2,10/20/2025
BLK_MAS,BRTR,TLH_SUB,IUSB,1,10/20/2025
BLK_MAS,BRTR,TLH_SUB,AGG,2,10/20/2025
BLK_MAS,BSV,TLH_SUB,ISTB,1,10/20/2025
BLK_MAS,BTC,TLH_SUB,FBTC,1,10/20/2025
BLK_MAS,CALF,TLH_SUB,SLYV,1,10/20/2025
BLK_MAS,CALF,TLH_SUB,VIOV,2,10/20/2025
BLK_MAS,CEMB,TLH_SUB,EMHY,1,10/20/2025
BLK_MAS,CGBL,TLH_SUB,CGUS,1,10/20/2025
BLK_MAS,CGCP,TLH_SUB,DIAL,1,10/20/2025
BLK_MAS,CGDV,TLH_SUB,DIVB,1,10/20/2025
BLK_MAS,CGGR,TLH_SUB,IVW,1,10/20/2025
BLK_MAS,CGIC,TLH_SUB,VXUS,1,10/20/2025
BLK_MAS,CGMS,TLH_SUB,VBND,1,10/20/2025
BLK_MAS,CGUS,TLH_SUB,IWL,1,10/20/2025
BLK_MAS,CGXU,TLH_SUB,DNL,1,10/20/2025
BLK_MAS,CIBR,TLH_SUB,BUG,1,10/20/2025
BLK_MAS,CLOA,TLH_SUB,FLTR,1,10/20/2025
BLK_MAS,CMDY,TLH_SUB,COMT,1,10/20/2025
BLK_MAS,CMF,TLH_SUB,PWZ,1,10/20/2025
BLK_MAS,CMF,TLH_SUB,VTEC,2,10/20/2025
BLK_MAS,COMT,TLH_SUB,CMDY,1,10/20/2025
BLK_MAS,COWZ,TLH_SUB,MDYV,1,10/20/2025
BLK_MAS,CPAI,TLH_SUB,SPMD,1,10/20/2025
BLK_MAS,CWB,TLH_SUB,FCVT,1,10/20/2025
BLK_MAS,DBEF,TLH_SUB,PXF,1,10/20/2025
BLK_MAS,DEM,TLH_SUB,DVYE,1,10/20/2025
BLK_MAS,DES,TLH_SUB,DGRS,1,10/20/2025
BLK_MAS,DFAC,TLH_SUB,GSEW,1,10/20/2025
BLK_MAS,DFAE,TLH_SUB,SCHE,1,10/20/2025
BLK_MAS,DFAE,TLH_SUB,SPEM,2,10/20/2025
BLK_MAS,DFAI,TLH_SUB,VXUS,1,10/20/2025
BLK_MAS,DFAS,TLH_SUB,IJR,1,10/20/2025
BLK_MAS,DFAT,TLH_SUB,VBR,1,10/20/2025
BLK_MAS,DFAU,TLH_SUB,JMOM,1,10/20/2025
BLK_MAS,DFAU,TLH_SUB,JQUA,2,10/20/2025
BLK_MAS,DFCF,TLH_SUB,BND,1,10/20/2025
BLK_MAS,DFGR,TLH_SUB,IYR,1,10/20/2025
BLK_MAS,DFIP,TLH_SUB,SPIP,1,10/20/2025
BLK_MAS,DFIS,TLH_SUB,VSS,1,10/20/2025
BLK_MAS,DFIS,TLH_SUB,SCHC,2,10/20/2025
BLK_MAS,DFIV,TLH_SUB,FNDF,1,10/20/2025
BLK_MAS,DFLV,TLH_SUB,IWD,1,10/20/2025
BLK_MAS,DFNM,TLH_SUB,VTEI,1,10/20/2025
BLK_MAS,DFNM,TLH_SUB,VTEB,2,10/20/2025
BLK_MAS,DFSV,TLH_SUB,ISCV,1,10/20/2025
BLK_MAS,DFUS,TLH_SUB,DYNF,1,10/20/2025
BLK_MAS,DFUS,TLH_SUB,LRGF,2,10/20/2025
BLK_MAS,DFUV,TLH_SUB,VLU,1,10/20/2025
BLK_MAS,DGCB,TLH_SUB,BNDW,1,10/20/2025
BLK_MAS,DGRO,TLH_SUB,DIVB,1,10/20/2025
BLK_MAS,DGRW,TLH_SUB,DGRO,1,10/20/2025
BLK_MAS,DGRW,TLH_SUB,VIG,2,10/20/2025
BLK_MAS,DGRW,TLH_SUB,JQUA,3,10/20/2025
BLK_MAS,DHS,TLH_SUB,VYM,1,10/20/2025
BLK_MAS,DIVI,TLH_SUB,HDEF,1,10/20/2025
BLK_MAS,DLN,TLH_SUB,MGV,1,10/20/2025
BLK_MAS,DMXF,TLH_SUB,ESGD,1,10/20/2025
BLK_MAS,DMXF,TLH_SUB,IEFA,2,10/20/2025
BLK_MAS,DNL,TLH_SUB,IQDG,1,10/20/2025
BLK_MAS,DON,TLH_SUB,VOE,1,10/20/2025
BLK_MAS,DON,TLH_SUB,MDYV,2,10/20/2025
BLK_MAS,DSI,TLH_SUB,SUSA,1,10/20/2025
BLK_MAS,DSTL,TLH_SUB,IVV,1,10/20/2025
BLK_MAS,DSTL,TLH_SUB,RSP,2,10/20/2025
BLK_MAS,DTH,TLH_SUB,VYMI,1,10/20/2025
BLK_MAS,DVYE,TLH_SUB,IEMG,1,10/20/2025
BLK_MAS,DXJ,TLH_SUB,FLJH,1,10/20/2025
BLK_MAS,DXJ,TLH_SUB,DBJP,2,10/20/2025
BLK_MAS,DYNF,TLH_SUB,ITOT,1,10/20/2025
BLK_MAS,DYNF,TLH_SUB,IWV,2,10/20/2025
BLK_MAS,EAGG,TLH_SUB,SUSC,1,10/20/2025
BLK_MAS,EAGG,TLH_SUB,EUSB,2,10/20/2025
BLK_MAS,EAGG,TLH_SUB,AGG,3,10/20/2025
BLK_MAS,EELV,TLH_SUB,EEMV,1,10/20/2025
BLK_MAS,EEM,TLH_SUB,SPEM,1,10/20/2025
BLK_MAS,EEMV,TLH_SUB,EEM,1,10/20/2025
BLK_MAS,EFA,TLH_SUB,IEUR,1,10/20/2025
BLK_MAS,EFAD,TLH_SUB,IDHQ,1,10/20/2025
BLK_MAS,EFAV,TLH_SUB,IEFA,1,10/20/2025
BLK_MAS,EFG,TLH_SUB,IEV,1,10/20/2025
BLK_MAS,EFIV,TLH_SUB,ESGU,1,10/20/2025
BLK_MAS,EFV,TLH_SUB,IVLU,1,10/20/2025
BLK_MAS,EMB,TLH_SUB,VWOB,1,10/20/2025
BLK_MAS,EMGF,TLH_SUB,IEMG,1,10/20/2025
BLK_MAS,EMHY,TLH_SUB,HYEM,1,10/20/2025
BLK_MAS,EMLC,TLH_SUB,EBND,1,10/20/2025
BLK_MAS,EMNT,TLH_SUB,ICSH,1,10/20/2025
BLK_MAS,EMXC,TLH_SUB,EEM,1,10/20/2025
BLK_MAS,EMXC,TLH_SUB,IEMG,2,10/20/2025
BLK_MAS,EPI,TLH_SUB,FLIN,1,10/20/2025
BLK_MAS,EPI,TLH_SUB,NFTY,2,10/20/2025
BLK_MAS,HEDG,TLH_SUB,XYLD,1,10/20/2025
BLK_MAS,ESGD,TLH_SUB,DMXF,1,10/20/2025
BLK_MAS,ESGD,TLH_SUB,NUDM,2,10/20/2025
BLK_MAS,ESGE,TLH_SUB,LDEM,1,10/20/2025
BLK_MAS,ESGE,TLH_SUB,NUEM,2,10/20/2025
BLK_MAS,ESGU,TLH_SUB,SUSL,1,10/20/2025
BLK_MAS,ESGV,TLH_SUB,ESGU,1,10/20/2025
BLK_MAS,ESGV,TLH_SUB,SNPE,2,10/20/2025
BLK_MAS,ESGV,TLH_SUB,EFIV,3,10/20/2025
BLK_MAS,ESML,TLH_SUB,SMMD,1,10/20/2025
BLK_MAS,ETH,TLH_SUB,ETHE,1,10/20/2025
BLK_MAS,EUFN,TLH_SUB,IXG,1,10/20/2025
BLK_MAS,EUSA,TLH_SUB,ITOT,1,10/20/2025
BLK_MAS,EUSA,TLH_SUB,IVV,2,10/20/2025
BLK_MAS,EUSB,TLH_SUB,EAGG,1,10/20/2025
BLK_MAS,EUSB,TLH_SUB,IUSB,2,10/20/2025
BLK_MAS,EVMO,TLH_SUB,VMBS,1,10/20/2025
BLK_MAS,EVTR,TLH_SUB,SCHZ,1,10/20/2025
BLK_MAS,EVTR,TLH_SUB,BND,2,10/20/2025
BLK_MAS,EVUS,TLH_SUB,ESGU,1,10/20/2025
BLK_MAS,EVUS,TLH_SUB,XVV,2,10/20/2025
BLK_MAS,FALN,TLH_SUB,USHY,1,10/20/2025
BLK_MAS,FALN,TLH_SUB,HYBB,2,10/20/2025
BLK_MAS,FBCG,TLH_SUB,QQQ,1,10/20/2025
BLK_MAS,FBCV,TLH_SUB,MGV,1,10/20/2025
BLK_MAS,FBND,TLH_SUB,BOND,1,10/20/2025
BLK_MAS,FCOR,TLH_SUB,SPBO,1,10/20/2025
BLK_MAS,FDEM,TLH_SUB,SPEM,1,10/20/2025
BLK_MAS,FDEM,TLH_SUB,VWO,2,10/20/2025
BLK_MAS,FDEV,TLH_SUB,SCHF,1,10/20/2025
BLK_MAS,FDHY,TLH_SUB,HYLB,1,10/20/2025
BLK_MAS,FDL,TLH_SUB,HDV,1,10/20/2025
BLK_MAS,FDLO,TLH_SUB,INCE,1,10/20/2025
BLK_MAS,FDMO,TLH_SUB,JMOM,1,10/20/2025
BLK_MAS,FDRR,TLH_SUB,DTD,1,10/20/2025
BLK_MAS,FDVV,TLH_SUB,VONV,1,10/20/2025
BLK_MAS,FEM,TLH_SUB,DGS,1,10/20/2025
BLK_MAS,FENY,TLH_SUB,FTXN,1,10/20/2025
BLK_MAS,FESM,TLH_SUB,VTWO,1,10/20/2025
BLK_MAS,FESM,TLH_SUB,SPSM,2,10/20/2025
BLK_MAS,FEZ,TLH_SUB,EZU,1,10/20/2025
BLK_MAS,FGDL,TLH_SUB,GLDM,1,10/20/2025
BLK_MAS,FHLC,TLH_SUB,RSPH,1,10/20/2025
BLK_MAS,FIDI,TLH_SUB,HDEF,1,10/20/2025
BLK_MAS,FIDI,TLH_SUB,VYMI,2,10/20/2025
BLK_MAS,FIXD,TLH_SUB,BIV,1,10/20/2025
BLK_MAS,FLBL,TLH_SUB,BKLN,1,10/20/2025
BLK_MAS,FLMI,TLH_SUB,VTEB,1,10/20/2025
BLK_MAS,FLOT,TLH_SUB,NEAR,1,10/20/2025
BLK_MAS,FLQL,TLH_SUB,SCHX,1,10/20/2025
BLK_MAS,FLQL,TLH_SUB,SPTM,2,10/20/2025
BLK_MAS,FLRN,TLH_SUB,NEAR,1,10/20/2025
BLK_MAS,FMB,TLH_SUB,VTEB,1,10/20/2025
BLK_MAS,FMB,TLH_SUB,SCMB,2,10/20/2025
BLK_MAS,FMHI,TLH_SUB,HYMB,1,10/20/2025
BLK_MAS,FNDE,TLH_SUB,SCHE,1,10/20/2025
BLK_MAS,FNDF,TLH_SUB,VYMI,1,10/20/2025
BLK_MAS,FNDF,TLH_SUB,HDEF,2,10/20/2025
BLK_MAS,FNDX,TLH_SUB,VONV,1,10/20/2025
BLK_MAS,FNDX,TLH_SUB,SCHV,2,10/20/2025
BLK_MAS,FPE,TLH_SUB,VRP,1,10/20/2025
BLK_MAS,FQAL,TLH_SUB,SPY,1,10/20/2025
BLK_MAS,FRDM,TLH_SUB,NUEM,1,10/20/2025
BLK_MAS,FSMB,TLH_SUB,SMMU,1,10/20/2025
BLK_MAS,FTEC,TLH_SUB,IGM,1,10/20/2025
BLK_MAS,FTGC,TLH_SUB,CMDY,1,10/20/2025
BLK_MAS,FTGS,TLH_SUB,JMOM,1,10/20/2025
BLK_MAS,FTSL,TLH_SUB,SRLN,1,10/20/2025
BLK_MAS,FVAL,TLH_SUB,VONV,1,10/20/2025
BLK_MAS,FVD,TLH_SUB,DIVB,1,10/20/2025
BLK_MAS,FWD,TLH_SUB,TRFM,1,10/20/2025
BLK_MAS,FXU,TLH_SUB,XLU,1,10/20/2025
BLK_MAS,FXU,TLH_SUB,VPU,2,10/20/2025
BLK_MAS,FYX,TLH_SUB,IJR,1,10/20/2025
BLK_MAS,GARP,TLH_SUB,ILCG,1,10/20/2025
BLK_MAS,GARP,TLH_SUB,IUSG,2,10/20/2025
BLK_MAS,GIGB,TLH_SUB,VCIT,1,10/20/2025
BLK_MAS,GLD,TLH_SUB,AAAU,1,10/20/2025
BLK_MAS,GLDM,TLH_SUB,IAU,1,10/20/2025
BLK_MAS,GOVT,TLH_SUB,IEF,1,10/20/2025
BLK_MAS,GRID,TLH_SUB,IFRA,1,10/20/2025
BLK_MAS,GSEW,TLH_SUB,VTI,1,10/20/2025
BLK_MAS,GSEW,TLH_SUB,SCHB,2,10/20/2025
BLK_MAS,GSIE,TLH_SUB,SCHF,1,10/20/2025
BLK_MAS,GTO,TLH_SUB,AGGY,1,10/20/2025
BLK_MAS,GTO,TLH_SUB,BIV,2,10/20/2025
BLK_MAS,GVI,TLH_SUB,GBF,1,10/20/2025
BLK_MAS,GVI,TLH_SUB,AGG,2,10/20/2025
BLK_MAS,HDV,TLH_SUB,IWX,1,10/20/2025
BLK_MAS,HEFA,TLH_SUB,HEZU,1,10/20/2025
BLK_MAS,HELO,TLH_SUB,SPLV,1,10/20/2025
BLK_MAS,HEZU,TLH_SUB,HEFA,1,10/20/2025
BLK_MAS,HFSI,TLH_SUB,NUBD,1,10/20/2025
BLK_MAS,HIMU,TLH_SUB,HYMB,1,10/20/2025
BLK_MAS,HIMU,TLH_SUB,HYD,2,10/20/2025
BLK_MAS,HMOP,TLH_SUB,VTEB,1,10/20/2025
BLK_MAS,HTRB,TLH_SUB,AGGY,1,10/20/2025
BLK_MAS,HTRB,TLH_SUB,BIV,2,10/20/2025
BLK_MAS,HYD,TLH_SUB,HYMB,1,10/20/2025
BLK_MAS,HYDB,TLH_SUB,USHY,1,10/20/2025
BLK_MAS,HYDB,TLH_SUB,FALN,2,10/20/2025
BLK_MAS,HYDB,TLH_SUB,HYBB,3,10/20/2025
BLK_MAS,HYG,TLH_SUB,USHY,1,10/20/2025
BLK_MAS,HYGV,TLH_SUB,HYLB,1,10/20/2025
BLK_MAS,HYGV,TLH_SUB,SPHY,2,10/20/2025
BLK_MAS,HYGW,TLH_SUB,HYDB,1,10/20/2025
BLK_MAS,HYGW,TLH_SUB,FALN,2,10/20/2025
BLK_MAS,HYLB,TLH_SUB,USHY,1,10/20/2025
BLK_MAS,HYLS,TLH_SUB,JNK,1,10/20/2025
BLK_MAS,HYMB,TLH_SUB,HYD,1,10/20/2025
BLK_MAS,SHYM,TLH_SUB,HYMB,1,10/20/2025
BLK_MAS,HYXF,TLH_SUB,NUHY,1,10/20/2025
BLK_MAS,IAGG,TLH_SUB,BNDX,1,10/20/2025
BLK_MAS,IAU,TLH_SUB,AAAU,1,10/20/2025
BLK_MAS,IAUM,TLH_SUB,IAU,1,10/20/2025
BLK_MAS,IBB,TLH_SUB,IYH,1,10/20/2025
BLK_MAS,ICF,TLH_SUB,USRT,1,10/20/2025
BLK_MAS,ICLN,TLH_SUB,PBD,1,10/20/2025
BLK_MAS,ICOW,TLH_SUB,DFIV,1,10/20/2025
BLK_MAS,ICSH,TLH_SUB,NEAR,1,10/20/2025
BLK_MAS,ICVT,TLH_SUB,FCVT,1,10/20/2025
BLK_MAS,IDEV,TLH_SUB,IEUR,1,10/20/2025
BLK_MAS,IDMO,TLH_SUB,SPDW,1,10/20/2025
BLK_MAS,IDU,TLH_SUB,IGF,1,10/20/2025
BLK_MAS,IDU,TLH_SUB,DVY,2,10/20/2025
BLK_MAS,IDU,TLH_SUB,IWD,3,10/20/2025
BLK_MAS,IDVO,TLH_SUB,IDMO,1,10/20/2025
BLK_MAS,IEF,TLH_SUB,GOVT,1,10/20/2025
BLK_MAS,IEFA,TLH_SUB,EFG,1,10/20/2025
BLK_MAS,IEI,TLH_SUB,GOVT,1,10/20/2025
BLK_MAS,IEMG,TLH_SUB,EMGF,1,10/20/2025
BLK_MAS,IETC,TLH_SUB,ILCG,1,10/20/2025
BLK_MAS,IEUR,TLH_SUB,EZU,1,10/20/2025
BLK_MAS,IFRA,TLH_SUB,IGF,1,10/20/2025
BLK_MAS,IGEB,TLH_SUB,USIG,1,10/20/2025
BLK_MAS,IGEB,TLH_SUB,IGIB,2,10/20/2025
BLK_MAS,IGEB,TLH_SUB,QLTA,3,10/20/2025
BLK_MAS,IGF,TLH_SUB,DVY,1,10/20/2025
BLK_MAS,IGF,TLH_SUB,IWD,2,10/20/2025
BLK_MAS,IGIB,TLH_SUB,USIG,1,10/20/2025
BLK_MAS,IGLB,TLH_SUB,ILTB,1,10/20/2025
BLK_MAS,IGLD,TLH_SUB,GLDM,1,10/20/2025
BLK_MAS,IGM,TLH_SUB,IYW,1,10/20/2025
BLK_MAS,IGOV,TLH_SUB,BWX,1,10/20/2025
BLK_MAS,IGRO,TLH_SUB,IQLT,1,10/20/2025
BLK_MAS,IGSB,TLH_SUB,SPSB,1,10/20/2025
BLK_MAS,IHI,TLH_SUB,IYH,1,10/20/2025
BLK_MAS,IHI,TLH_SUB,IBB,2,10/20/2025
BLK_MAS,IJH,TLH_SUB,IWR,1,10/20/2025
BLK_MAS,IJR,TLH_SUB,IJT,1,10/20/2025
BLK_MAS,IJS,TLH_SUB,ISCV,1,10/20/2025
BLK_MAS,IJT,TLH_SUB,IJR,1,10/20/2025
BLK_MAS,IMCB,TLH_SUB,IJH,1,10/20/2025
BLK_MAS,INMU,TLH_SUB,MUB,1,10/20/2025
BLK_MAS,INMU,TLH_SUB,VTEI,2,10/20/2025
BLK_MAS,INMU,TLH_SUB,ITM,3,10/20/2025
BLK_MAS,INRO,TLH_SUB,IVV,1,10/20/2025
BLK_MAS,INTF,TLH_SUB,IDEV,1,10/20/2025
BLK_MAS,IPAC,TLH_SUB,EWJ,1,10/20/2025
BLK_MAS,IQDG,TLH_SUB,DNL,1,10/20/2025
BLK_MAS,IQLT,TLH_SUB,IDHQ,1,10/20/2025
BLK_MAS,ISCG,TLH_SUB,IWO,1,10/20/2025
BLK_MAS,ISCG,TLH_SUB,IWM,2,10/20/2025
BLK_MAS,ISTB,TLH_SUB,IGSB,1,10/20/2025
BLK_MAS,ITA,TLH_SUB,IYJ,1,10/20/2025
BLK_MAS,ITB,TLH_SUB,XHB,1,10/20/2025
BLK_MAS,ITOT,TLH_SUB,FNDB,1,10/20/2025
BLK_MAS,IUSB,TLH_SUB,SCHZ,1,10/20/2025
BLK_MAS,IUSB,TLH_SUB,GBF,2,10/20/2025
BLK_MAS,IUSG,TLH_SUB,IWY,1,10/20/2025
BLK_MAS,IUSV,TLH_SUB,IWX,1,10/20/2025
BLK_MAS,IVE,TLH_SUB,ILCV,1,10/20/2025
BLK_MAS,IVLU,TLH_SUB,EFV,1,10/20/2025
BLK_MAS,IVV,TLH_SUB,OEF,1,10/20/2025
BLK_MAS,IVV,TLH_SUB,LRGF,2,10/20/2025
BLK_MAS,IVV,TLH_SUB,DIVB,3,10/20/2025
BLK_MAS,IVVB,TLH_SUB,QUAL,1,10/20/2025
BLK_MAS,IVVB,TLH_SUB,LRGF,2,10/20/2025
BLK_MAS,IVW,TLH_SUB,OEF,1,10/20/2025
BLK_MAS,IVW,TLH_SUB,MTUM,2,10/20/2025
BLK_MAS,IVW,TLH_SUB,IWB,3,10/20/2025
BLK_MAS,IWB,TLH_SUB,URTH,1,10/20/2025
BLK_MAS,IWD,TLH_SUB,IWX,1,10/20/2025
BLK_MAS,IWF,TLH_SUB,OEF,1,10/20/2025
BLK_MAS,IWF,TLH_SUB,MTUM,2,10/20/2025
BLK_MAS,IWM,TLH_SUB,ISCB,1,10/20/2025
BLK_MAS,IWO,TLH_SUB,ISCG,1,10/20/2025
BLK_MAS,IWP,TLH_SUB,IMCG,1,10/20/2025
BLK_MAS,IWR,TLH_SUB,IMCG,1,10/20/2025
BLK_MAS,IWS,TLH_SUB,IMCV,1,10/20/2025
BLK_MAS,IWV,TLH_SUB,URTH,1,10/20/2025
BLK_MAS,IWX,TLH_SUB,IWD,1,10/20/2025
BLK_MAS,IWY,TLH_SUB,IUSG,1,10/20/2025
BLK_MAS,IXC,TLH_SUB,IYE,1,10/20/2025
BLK_MAS,IXC,TLH_SUB,XLE,2,10/20/2025
BLK_MAS,IXG,TLH_SUB,IYF,1,10/20/2025
BLK_MAS,IXN,TLH_SUB,IYW,1,10/20/2025
BLK_MAS,IXUS,TLH_SUB,TLTD,1,10/20/2025
BLK_MAS,IYE,TLH_SUB,IGE,1,10/20/2025
BLK_MAS,IYF,TLH_SUB,IYG,1,10/20/2025
BLK_MAS,IYG,TLH_SUB,IYF,1,10/20/2025
BLK_MAS,IYH,TLH_SUB,IXJ,1,10/20/2025
BLK_MAS,IYJ,TLH_SUB,EXI,1,10/20/2025
BLK_MAS,IYR,TLH_SUB,REET,1,10/20/2025
BLK_MAS,IYR,TLH_SUB,REZ,2,10/20/2025
BLK_MAS,IYT,TLH_SUB,XTN,1,10/20/2025
BLK_MAS,IYW,TLH_SUB,IGM,1,10/20/2025
BLK_MAS,JAAA,TLH_SUB,FLTR,1,10/20/2025
BLK_MAS,JAVA,TLH_SUB,SCHV,1,10/20/2025
BLK_MAS,JBND,TLH_SUB,SPAB,1,10/20/2025
BLK_MAS,JBND,TLH_SUB,BND,2,10/20/2025
BLK_MAS,JCPB,TLH_SUB,BND,1,10/20/2025
BLK_MAS,JEPI,TLH_SUB,FVD,1,10/20/2025
BLK_MAS,JEPQ,TLH_SUB,IWY,1,10/20/2025
BLK_MAS,JGRO,TLH_SUB,NULG,1,10/20/2025
BLK_MAS,JGRO,TLH_SUB,QQMG,2,10/20/2025
BLK_MAS,JIG,TLH_SUB,EFG,1,10/20/2025
BLK_MAS,JIRE,TLH_SUB,VEA,1,10/20/2025
BLK_MAS,JIRE,TLH_SUB,BBIN,2,10/20/2025
BLK_MAS,JMBS,TLH_SUB,VMBS,1,10/20/2025
BLK_MAS,JMOM,TLH_SUB,FDMO,1,10/20/2025
BLK_MAS,JMST,TLH_SUB,MEAR,1,10/20/2025
BLK_MAS,JMTG,TLH_SUB,BND,1,10/20/2025
BLK_MAS,JMTG,TLH_SUB,SCHZ,2,10/20/2025
BLK_MAS,JMUB,TLH_SUB,VTEB,1,10/20/2025
BLK_MAS,JNK,TLH_SUB,SPHY,1,10/20/2025
BLK_MAS,JPIN,TLH_SUB,VEA,1,10/20/2025
BLK_MAS,JPME,TLH_SUB,JPUS,1,10/20/2025
BLK_MAS,JPST,TLH_SUB,ICSH,1,10/20/2025
BLK_MAS,JQUA,TLH_SUB,QUAL,1,10/20/2025
BLK_MAS,JVAL,TLH_SUB,VLU,1,10/20/2025
BLK_MAS,KBWY,TLH_SUB,VNQ,1,10/20/2025
BLK_MAS,KBWY,TLH_SUB,RWR,2,10/20/2025
BLK_MAS,KXI,TLH_SUB,IYK,1,10/20/2025
BLK_MAS,LCTD,TLH_SUB,ESGD,1,10/20/2025
BLK_MAS,LCTD,TLH_SUB,DMXF,2,10/20/2025
BLK_MAS,LCTD,TLH_SUB,CRBN,3,10/20/2025
BLK_MAS,LCTU,TLH_SUB,XVV,1,10/20/2025
BLK_MAS,LEMB,TLH_SUB,EBND,1,10/20/2025
BLK_MAS,LGLV,TLH_SUB,USMV,1,10/20/2025
BLK_MAS,LGOV,TLH_SUB,GOVI,1,10/20/2025
BLK_MAS,LMBS,TLH_SUB,SPSB,1,10/20/2025
BLK_MAS,LQD,TLH_SUB,USIG,1,10/20/2025
BLK_MAS,LQDH,TLH_SUB,IGBH,1,10/20/2025
BLK_MAS,LQDW,TLH_SUB,IGIB,1,10/20/2025
BLK_MAS,LQDW,TLH_SUB,USIG,2,10/20/2025
BLK_MAS,LRGF,TLH_SUB,ITOT,1,10/20/2025
BLK_MAS,LRGF,TLH_SUB,IVV,2,10/20/2025
BLK_MAS,LVHD,TLH_SUB,VYM,1,10/20/2025
BLK_MAS,HIMU,TLH_SUB,MUB,3,10/20/2025
BLK_MAS,MBB,TLH_SUB,GNMA,1,10/20/2025
BLK_MAS,MBB,TLH_SUB,VMBS,2,10/20/2025
BLK_MAS,MBS,TLH_SUB,BND,1,10/20/2025
BLK_MAS,MEAR,TLH_SUB,JMST,1,10/20/2025
BLK_MAS,MGC,TLH_SUB,XLG,1,10/20/2025
BLK_MAS,MGK,TLH_SUB,VOOG,1,10/20/2025
BLK_MAS,MGOV,TLH_SUB,SPAB,1,10/20/2025
BLK_MAS,MGV,TLH_SUB,ILCV,1,10/20/2025
BLK_MAS,MINT,TLH_SUB,FLDR,1,10/20/2025
BLK_MAS,MINT,TLH_SUB,FLRN,2,10/20/2025
BLK_MAS,MLN,TLH_SUB,PZA,1,10/20/2025
BLK_MAS,MLN,TLH_SUB,TFI,2,10/20/2025
BLK_MAS,MLPA,TLH_SUB,USAI,1,10/20/2025
BLK_MAS,MMIT,TLH_SUB,VTEB,1,10/20/2025
BLK_MAS,MNA,TLH_SUB,ARB,1,10/20/2025
BLK_MAS,MOAT,TLH_SUB,TILT,1,10/20/2025
BLK_MAS,MTBA,TLH_SUB,SPMB,1,10/20/2025
BLK_MAS,MTUM,TLH_SUB,DYNF,1,10/20/2025
BLK_MAS,MTUM,TLH_SUB,IUSG,2,10/20/2025
BLK_MAS,MTUM,TLH_SUB,IVW,3,10/20/2025
BLK_MAS,MUB,TLH_SUB,VTEB,1,10/20/2025
BLK_MAS,MUB,TLH_SUB,PZA,2,10/20/2025
BLK_MAS,MUNI,TLH_SUB,SMMU,1,10/20/2025
BLK_MAS,MUNI,TLH_SUB,VTEB,2,10/20/2025
BLK_MAS,NEAR,TLH_SUB,ICSH,1,10/20/2025
BLK_MAS,PWRD,TLH_SUB,ICLN,1,10/20/2025
BLK_MAS,NOBL,TLH_SUB,PFM,1,10/20/2025
BLK_MAS,NUBD,TLH_SUB,VCEB,1,10/20/2025
BLK_MAS,NUHY,TLH_SUB,HYXF,1,10/20/2025
BLK_MAS,OEF,TLH_SUB,IVV,1,10/20/2025
BLK_MAS,OEF,TLH_SUB,IWB,2,10/20/2025
BLK_MAS,OMFL,TLH_SUB,RSP,1,10/20/2025
BLK_MAS,OSEA,TLH_SUB,CVIE,1,10/20/2025
BLK_MAS,OVB,TLH_SUB,IMTB,1,10/20/2025
BLK_MAS,OVF,TLH_SUB,IEFA,1,10/20/2025
BLK_MAS,OVL,TLH_SUB,ITOT,1,10/20/2025
BLK_MAS,OVS,TLH_SUB,SPSM,1,10/20/2025
BLK_MAS,OVT,TLH_SUB,SPIB,1,10/20/2025
BLK_MAS,PAVE,TLH_SUB,IFRA,1,10/20/2025
BLK_MAS,PBTP,TLH_SUB,BSV,1,10/20/2025
BLK_MAS,PCRB,TLH_SUB,NUBD,1,10/20/2025
BLK_MAS,PDBC,TLH_SUB,COMT,1,10/20/2025
BLK_MAS,PFF,TLH_SUB,PFFD,1,10/20/2025
BLK_MAS,PFIG,TLH_SUB,SPIB,1,10/20/2025
BLK_MAS,PFIG,TLH_SUB,SKOR,2,10/20/2025
BLK_MAS,PHYL,TLH_SUB,HYLB,1,10/20/2025
BLK_MAS,PHYL,TLH_SUB,SPHY,2,10/20/2025
BLK_MAS,PIFI,TLH_SUB,GVI,1,10/20/2025
BLK_MAS,PPA,TLH_SUB,XAR,1,10/20/2025
BLK_MAS,PRF,TLH_SUB,VONV,1,10/20/2025
BLK_MAS,PSEP,TLH_SUB,XYLD,1,10/20/2025
BLK_MAS,PSK,TLH_SUB,PFF,1,10/20/2025
BLK_MAS,PTLC,TLH_SUB,CFO,1,10/20/2025
BLK_MAS,PULS,TLH_SUB,FLRN,1,10/20/2025
BLK_MAS,PULS,TLH_SUB,BILS,2,10/20/2025
BLK_MAS,PVAL,TLH_SUB,SCHV,1,10/20/2025
BLK_MAS,PVAL,TLH_SUB,VONV,2,10/20/2025
BLK_MAS,PWV,TLH_SUB,SCHV,1,10/20/2025
BLK_MAS,PWV,TLH_SUB,VONV,2,10/20/2025
BLK_MAS,PWZ,TLH_SUB,CMF,1,10/20/2025
BLK_MAS,PWZ,TLH_SUB,PZA,2,10/20/2025
BLK_MAS,PYLD,TLH_SUB,SPIB,1,10/20/2025
BLK_MAS,PZA,TLH_SUB,TFI,1,10/20/2025
BLK_MAS,PZA,TLH_SUB,MLN,2,10/20/2025
BLK_MAS,QDF,TLH_SUB,FNDX,1,10/20/2025
BLK_MAS,QEMM,TLH_SUB,GEM,1,10/20/2025
BLK_MAS,QHY,TLH_SUB,HYLB,1,10/20/2025
BLK_MAS,QHY,TLH_SUB,SPHY,2,10/20/2025
BLK_MAS,QLTA,TLH_SUB,LQD,1,10/20/2025
BLK_MAS,QLTA,TLH_SUB,USIG,2,10/20/2025
BLK_MAS,QQEW,TLH_SUB,IGM,1,10/20/2025
BLK_MAS,QQQ,TLH_SUB,IETC,1,10/20/2025
BLK_MAS,QQQM,TLH_SUB,VUG,1,10/20/2025
BLK_MAS,QQQM,TLH_SUB,MGK,2,10/20/2025
BLK_MAS,QUAL,TLH_SUB,IWB,1,10/20/2025
BLK_MAS,RDVY,TLH_SUB,DIVB,1,10/20/2025
BLK_MAS,REET,TLH_SUB,USRT,1,10/20/2025
BLK_MAS,RING,TLH_SUB,SLVP,1,10/20/2025
BLK_MAS,RODM,TLH_SUB,DEEF,1,10/20/2025
BLK_MAS,RSP,TLH_SUB,GSEW,1,10/20/2025
BLK_MAS,RSP,TLH_SUB,JHML,2,10/20/2025
BLK_MAS,RSPG,TLH_SUB,VDE,1,10/20/2025
BLK_MAS,RSPH,TLH_SUB,VHT,1,10/20/2025
BLK_MAS,RSPT,TLH_SUB,XT,1,10/20/2025
BLK_MAS,RSPT,TLH_SUB,VGT,2,10/20/2025
BLK_MAS,RSPT,TLH_SUB,FTEC,3,10/20/2025
BLK_MAS,SCHA,TLH_SUB,VB,1,10/20/2025
BLK_MAS,SCHB,TLH_SUB,QLC,1,10/20/2025
BLK_MAS,SCHD,TLH_SUB,HDV,1,10/20/2025
BLK_MAS,SCHD,TLH_SUB,VYM,2,10/20/2025
BLK_MAS,SCHD,TLH_SUB,VTV,3,10/20/2025
BLK_MAS,SCHE,TLH_SUB,SPEM,1,10/20/2025
BLK_MAS,SCHF,TLH_SUB,GSIE,1,10/20/2025
BLK_MAS,SCHG,TLH_SUB,XLG,1,10/20/2025
BLK_MAS,SCHI,TLH_SUB,CORP,1,10/20/2025
BLK_MAS,SCHJ,TLH_SUB,SLQD,1,10/20/2025
BLK_MAS,SCHM,TLH_SUB,JHMM,1,10/20/2025
BLK_MAS,SCHO,TLH_SUB,SHY,1,10/20/2025
BLK_MAS,SCHP,TLH_SUB,STPZ,1,10/20/2025
BLK_MAS,SCHQ,TLH_SUB,TLT,1,10/20/2025
BLK_MAS,SCHR,TLH_SUB,IEI,1,10/20/2025
BLK_MAS,SCHV,TLH_SUB,MGV,1,10/20/2025
BLK_MAS,SCHX,TLH_SUB,XLG,1,10/20/2025
BLK_MAS,SCHY,TLH_SUB,HDEF,1,10/20/2025
BLK_MAS,SCHZ,TLH_SUB,BIV,1,10/20/2025
BLK_MAS,SCMB,TLH_SUB,MUB,1,10/20/2025
BLK_MAS,SCMB,TLH_SUB,VTEB,2,10/20/2025
BLK_MAS,SDVY,TLH_SUB,SLYV,1,10/20/2025
BLK_MAS,SFY,TLH_SUB,SPYG,1,10/20/2025
BLK_MAS,SGOV,TLH_SUB,TFLO,1,10/20/2025
BLK_MAS,SGOV,TLH_SUB,SHV,2,10/20/2025
BLK_MAS,SHLD,TLH_SUB,XAR,1,10/20/2025
BLK_MAS,SHM,TLH_SUB,SMB,1,10/20/2025
BLK_MAS,SHV,TLH_SUB,ICSH,1,10/20/2025
BLK_MAS,SHY,TLH_SUB,SHV,1,10/20/2025
BLK_MAS,SHY,TLH_SUB,ISTB,2,10/20/2025
BLK_MAS,SHYD,TLH_SUB,HYMB,1,10/20/2025
BLK_MAS,SHYG,TLH_SUB,SJNK,1,10/20/2025
BLK_MAS,SIHY,TLH_SUB,SPHY,1,10/20/2025
BLK_MAS,SIHY,TLH_SUB,HYLB,2,10/20/2025
BLK_MAS,SIVR,TLH_SUB,SLV,1,10/20/2025
BLK_MAS,SIZE,TLH_SUB,IWR,1,10/20/2025
BLK_MAS,SJNK,TLH_SUB,USHY,1,10/20/2025
BLK_MAS,SKOR,TLH_SUB,SPIB,1,10/20/2025
BLK_MAS,SLV,TLH_SUB,SIL,1,10/20/2025
BLK_MAS,SLYG,TLH_SUB,IJR,1,10/20/2025
BLK_MAS,SMDV,TLH_SUB,REGL,1,10/20/2025
BLK_MAS,SMH,TLH_SUB,XSD,1,10/20/2025
BLK_MAS,SMIG,TLH_SUB,SMMD,1,10/20/2025
BLK_MAS,SMLF,TLH_SUB,IJR,1,10/20/2025
BLK_MAS,SMMU,TLH_SUB,SUB,1,10/20/2025
BLK_MAS,SOXX,TLH_SUB,IYW,1,10/20/2025
BLK_MAS,SOXX,TLH_SUB,IGM,2,10/20/2025
BLK_MAS,SPAB,TLH_SUB,BIV,1,10/20/2025
BLK_MAS,SPBO,TLH_SUB,CORP,1,10/20/2025
BLK_MAS,SPDW,TLH_SUB,IXUS,1,10/20/2025
BLK_MAS,SPEM,TLH_SUB,IEMG,1,10/20/2025
BLK_MAS,SPGM,TLH_SUB,CWI,1,10/20/2025
BLK_MAS,SPGM,TLH_SUB,VT,2,10/20/2025
BLK_MAS,SPGP,TLH_SUB,QQQ,1,10/20/2025
BLK_MAS,SPHQ,TLH_SUB,JQUA,1,10/20/2025
BLK_MAS,SPHQ,TLH_SUB,SPY,2,10/20/2025
BLK_MAS,SPHY,TLH_SUB,HYLB,1,10/20/2025
BLK_MAS,SPIB,TLH_SUB,IGIB,1,10/20/2025
BLK_MAS,SPIP,TLH_SUB,STPZ,1,10/20/2025
BLK_MAS,SPLB,TLH_SUB,ILTB,1,10/20/2025
BLK_MAS,SPLG,TLH_SUB,OEF,1,10/20/2025
BLK_MAS,SPLG,TLH_SUB,JQUA,2,10/20/2025
BLK_MAS,SPLV,TLH_SUB,USMV,1,10/20/2025
BLK_MAS,SPMB,TLH_SUB,AGZ,1,10/20/2025
BLK_MAS,SPMD,TLH_SUB,IWR,1,10/20/2025
BLK_MAS,SPMO,TLH_SUB,JMOM,1,10/20/2025
BLK_MAS,SPSB,TLH_SUB,IGSB,1,10/20/2025
BLK_MAS,SPSM,TLH_SUB,PRFZ,1,10/20/2025
BLK_MAS,SPTI,TLH_SUB,IEI,1,10/20/2025
BLK_MAS,SPTL,TLH_SUB,TLT,1,10/20/2025
BLK_MAS,SPTS,TLH_SUB,SHY,1,10/20/2025
BLK_MAS,SPY,TLH_SUB,OEF,1,10/20/2025
BLK_MAS,SPY,TLH_SUB,JQUA,2,10/20/2025
BLK_MAS,SPYD,TLH_SUB,DVY,1,10/20/2025
BLK_MAS,SPYG,TLH_SUB,SCHG,1,10/20/2025
BLK_MAS,SPYV,TLH_SUB,VONV,1,10/20/2025
BLK_MAS,SPYX,TLH_SUB,SUSA,1,10/20/2025
BLK_MAS,SPYX,TLH_SUB,USSG,2,10/20/2025
BLK_MAS,STIP,TLH_SUB,TIP,1,10/20/2025
BLK_MAS,STIP,TLH_SUB,ISTB,2,10/20/2025
BLK_MAS,SUB,TLH_SUB,SHM,1,10/20/2025
BLK_MAS,SUSA,TLH_SUB,SUSL,1,10/20/2025
BLK_MAS,SUSA,TLH_SUB,ESGU,2,10/20/2025
BLK_MAS,SUSB,TLH_SUB,SLQD,1,10/20/2025
BLK_MAS,SUSC,TLH_SUB,LQD,1,10/20/2025
BLK_MAS,SUSL,TLH_SUB,ESGU,1,10/20/2025
BLK_MAS,TAXF,TLH_SUB,VTEB,1,10/20/2025
BLK_MAS,TECB,TLH_SUB,IGM,1,10/20/2025
BLK_MAS,TECL,TLH_SUB,TQQQ,1,10/20/2025
BLK_MAS,TFI,TLH_SUB,ITM,1,10/20/2025
BLK_MAS,TFLO,TLH_SUB,SGOV,1,10/20/2025
BLK_MAS,TFLO,TLH_SUB,SHV,2,10/20/2025
BLK_MAS,THRO,TLH_SUB,IWL,1,10/20/2025
BLK_MAS,TIP,TLH_SUB,STIP,1,10/20/2025
BLK_MAS,TIP,TLH_SUB,IUSB,2,10/20/2025
BLK_MAS,TIPX,TLH_SUB,SCHP,1,10/20/2025
BLK_MAS,TIPX,TLH_SUB,SPIP,2,10/20/2025
BLK_MAS,TLH,TLH_SUB,TLT,1,10/20/2025
BLK_MAS,TLH,TLH_SUB,ILTB,2,10/20/2025
BLK_MAS,TLH,TLH_SUB,IEF,3,10/20/2025
BLK_MAS,TLT,TLH_SUB,TLH,1,10/20/2025
BLK_MAS,TSPA,TLH_SUB,JHML,1,10/20/2025
BLK_MAS,TSPA,TLH_SUB,SPHQ,2,10/20/2025
BLK_MAS,ABFL,TLH_SUB,FQAL,1,10/20/2025
BLK_MAS,ABLG,TLH_SUB,IQLT,1,10/20/2025
BLK_MAS,UBND,TLH_SUB,BND,1,10/20/2025
BLK_MAS,UCON,TLH_SUB,FIXD,1,10/20/2025
BLK_MAS,URA,TLH_SUB,URNM,1,10/20/2025
BLK_MAS,URTH,TLH_SUB,SPGM,1,10/20/2025
BLK_MAS,USFR,TLH_SUB,TFLO,1,10/20/2025
BLK_MAS,USHY,TLH_SUB,HYG,1,10/20/2025
BLK_MAS,USIG,TLH_SUB,LQD,1,10/20/2025
BLK_MAS,USMV,TLH_SUB,IWB,1,10/20/2025
BLK_MAS,USRT,TLH_SUB,VNQ,1,10/20/2025
BLK_MAS,USXF,TLH_SUB,SUSL,1,10/20/2025
BLK_MAS,VB,TLH_SUB,SCHA,1,10/20/2025
BLK_MAS,VBK,TLH_SUB,VTWG,1,10/20/2025
BLK_MAS,VBR,TLH_SUB,VTWV,1,10/20/2025
BLK_MAS,VCIT,TLH_SUB,SPIB,1,10/20/2025
BLK_MAS,VCLT,TLH_SUB,BLV,1,10/20/2025
BLK_MAS,VCRB,TLH_SUB,SCHZ,1,10/20/2025
BLK_MAS,VCRB,TLH_SUB,SPAB,2,10/20/2025
BLK_MAS,VCSH,TLH_SUB,FLTB,1,10/20/2025
BLK_MAS,VEA,TLH_SUB,EFA,1,10/20/2025
BLK_MAS,VEGA,TLH_SUB,BAUG,1,10/20/2025
BLK_MAS,VEU,TLH_SUB,IDEV,1,10/20/2025
BLK_MAS,VFH,TLH_SUB,SPMD,1,10/20/2025
BLK_MAS,VFMO,TLH_SUB,MDYG,1,10/20/2025
BLK_MAS,VGIT,TLH_SUB,GOVT,1,10/20/2025
BLK_MAS,VGLT,TLH_SUB,BLV,1,10/20/2025
BLK_MAS,VGT,TLH_SUB,QQQ,1,10/20/2025
BLK_MAS,VIG,TLH_SUB,DGRW,1,10/20/2025
BLK_MAS,VIGI,TLH_SUB,VXUS,1,10/20/2025
BLK_MAS,VLUE,TLH_SUB,IWD,1,10/20/2025
BLK_MAS,VMBS,TLH_SUB,MBB,1,10/20/2025
BLK_MAS,VNQ,TLH_SUB,BBRE,1,10/20/2025
BLK_MAS,VNQI,TLH_SUB,VXUS,1,10/20/2025
BLK_MAS,VO,TLH_SUB,IWR,1,10/20/2025
BLK_MAS,VONG,TLH_SUB,JMOM,1,10/20/2025
BLK_MAS,VONG,TLH_SUB,VGT,2,10/20/2025
BLK_MAS,VOO,TLH_SUB,XLG,1,10/20/2025
BLK_MAS,VOTE,TLH_SUB,JUST,1,10/20/2025
BLK_MAS,VPU,TLH_SUB,VONV,1,10/20/2025
BLK_MAS,VPU,TLH_SUB,SCHV,2,10/20/2025
BLK_MAS,VSGX,TLH_SUB,EFAX,1,10/20/2025
BLK_MAS,VSLU,TLH_SUB,DUHP,1,10/20/2025
BLK_MAS,VSS,TLH_SUB,SCHC,1,10/20/2025
BLK_MAS,VT,TLH_SUB,SPGM,1,10/20/2025
BLK_MAS,VTC,TLH_SUB,VCIT,1,10/20/2025
BLK_MAS,VTEB,TLH_SUB,MUB,1,10/20/2025
BLK_MAS,VTEB,TLH_SUB,ITM,2,10/20/2025
BLK_MAS,VTEI,TLH_SUB,VTEB,1,10/20/2025
BLK_MAS,VTEI,TLH_SUB,SCMB,2,10/20/2025
BLK_MAS,VTIP,TLH_SUB,STPZ,1,10/20/2025
BLK_MAS,VTV,TLH_SUB,IWX,1,10/20/2025
BLK_MAS,VUG,TLH_SUB,RPG,1,10/20/2025
BLK_MAS,VV,TLH_SUB,XLG,1,10/20/2025
BLK_MAS,VWO,TLH_SUB,SPEM,1,10/20/2025
BLK_MAS,VWOB,TLH_SUB,EMB,1,10/20/2025
BLK_MAS,VXF,TLH_SUB,SPMD,1,10/20/2025
BLK_MAS,VXF,TLH_SUB,SCHM,2,10/20/2025
BLK_MAS,VYM,TLH_SUB,SDY,1,10/20/2025
BLK_MAS,VYMI,TLH_SUB,HDEF,1,10/20/2025
BLK_MAS,WCLD,TLH_SUB,CLOU,1,10/20/2025
BLK_MAS,XAR,TLH_SUB,SHLD,1,10/20/2025
BLK_MAS,XCEM,TLH_SUB,EMXC,1,10/20/2025
BLK_MAS,XJR,TLH_SUB,ESML,1,10/20/2025
BLK_MAS,XLB,TLH_SUB,IYM,1,10/20/2025
BLK_MAS,XLC,TLH_SUB,IXP,1,10/20/2025
BLK_MAS,XLE,TLH_SUB,IXC,1,10/20/2025
BLK_MAS,XLF,TLH_SUB,IYG,1,10/20/2025
BLK_MAS,XLG,TLH_SUB,BKLC,1,10/20/2025
BLK_MAS,XLI,TLH_SUB,IYJ,1,10/20/2025
BLK_MAS,XLK,TLH_SUB,QQQ,1,10/20/2025
BLK_MAS,XLP,TLH_SUB,KXI,1,10/20/2025
BLK_MAS,XLRE,TLH_SUB,VNQ,1,10/20/2025
BLK_MAS,XLU,TLH_SUB,JXI,1,10/20/2025
BLK_MAS,XLV,TLH_SUB,IXJ,1,10/20/2025
BLK_MAS,XLY,TLH_SUB,IYC,1,10/20/2025
BLK_MAS,XMHQ,TLH_SUB,IJK,1,10/20/2025
BLK_MAS,XMLV,TLH_SUB,VO,1,10/20/2025
BLK_MAS,XMLV,TLH_SUB,MDY,2,10/20/2025
BLK_MAS,XNTK,TLH_SUB,IXN,1,10/20/2025
BLK_MAS,XSOE,TLH_SUB,IEMG,1,10/20/2025
BLK_MAS,XT,TLH_SUB,IXN,1,10/20/2025
BLK_MAS,XTEN,TLH_SUB,VGLT,1,10/20/2025
BLK_MAS,XTEN,TLH_SUB,SPTL,2,10/20/2025
BLK_MAS,YLD,TLH_SUB,SPHY,1,10/20/2025
BLK_MAS,YLD,TLH_SUB,HYLB,2,10/20/2025
BLK_MAS,ACWI,TLH_SUB,GLOF,1,1/1/2025
BLK_MAS,ACWV,TLH_SUB,USMV,1,1/1/2025
BLK_MAS,AGG,TLH_SUB,GBF,1,1/1/2025
BLK_MAS,AGGY,TLH_SUB,AGG,1,1/1/2025
BLK_MAS,AGZ,TLH_SUB,IEI,1,1/1/2025
BLK_MAS,AIQ,TLH_SUB,FTEC,1,1/1/2025
BLK_MAS,ANGL,TLH_SUB,FALN,1,1/1/2025
BLK_MAS,AVDE,TLH_SUB,VEA,1,1/1/2025
BLK_MAS,AVEM,TLH_SUB,SPEM,1,1/1/2025
BLK_MAS,AVLV,TLH_SUB,VLU,1,1/1/2025
BLK_MAS,AVUS,TLH_SUB,SCHX,1,1/1/2025
BLK_MAS,AVUV,TLH_SUB,VFVA,1,1/1/2025
BLK_MAS,BALI,TLH_SUB,USMV,1,1/1/2025
BLK_MAS,BBCB,TLH_SUB,LQD,1,1/1/2025
BLK_MAS,BBIN,TLH_SUB,VXUS,1,1/1/2025
BLK_MAS,BBIN,TLH_SUB,VEU,2,1/1/2025
BLK_MAS,BIDD,TLH_SUB,EFA,1,1/1/2025
BLK_MAS,BILS,TLH_SUB,GBIL,1,1/1/2025
BLK_MAS,BINC,TLH_SUB,HYG,1,1/1/2025
BLK_MAS,BINC,TLH_SUB,USHY,2,1/1/2025
BLK_MAS,BIV,TLH_SUB,SCHR,1,1/1/2025
BLK_MAS,BKHY,TLH_SUB,HYG,1,1/1/2025
BLK_MAS,BKLN,TLH_SUB,SJNK,1,1/1/2025
BLK_MAS,BND,TLH_SUB,BIV,1,1/1/2025
BLK_MAS,BOND,TLH_SUB,AGG,1,1/1/2025
BLK_MAS,BOND,TLH_SUB,VBND,2,1/1/2025
BLK_MAS,BRTR,TLH_SUB,IUSB,1,1/1/2025
BLK_MAS,BSV,TLH_SUB,ISTB,1,1/1/2025
BLK_MAS,CALF,TLH_SUB,SLYV,1,1/1/2025
BLK_MAS,CALF,TLH_SUB,VIOV,2,1/1/2025
BLK_MAS,CGCP,TLH_SUB,DIAL,1,1/1/2025
BLK_MAS,CGDV,TLH_SUB,DIVB,1,1/1/2025
BLK_MAS,CGGR,TLH_SUB,IVW,1,1/1/2025
BLK_MAS,CGIC,TLH_SUB,VXUS,1,1/1/2025
BLK_MAS,CGMS,TLH_SUB,VBND,1,1/1/2025
BLK_MAS,CGUS,TLH_SUB,IWL,1,1/1/2025
BLK_MAS,CGXU,TLH_SUB,DNL,1,1/1/2025
BLK_MAS,CIBR,TLH_SUB,BUG,1,1/1/2025
BLK_MAS,CLOA,TLH_SUB,FLTR,1,1/1/2025
BLK_MAS,CMDY,TLH_SUB,COMT,1,1/1/2025
BLK_MAS,CMF,TLH_SUB,PWZ,1,1/1/2025
BLK_MAS,CMF,TLH_SUB,VTEC,2,1/1/2025
BLK_MAS,COMT,TLH_SUB,CMDY,1,1/1/2025
BLK_MAS,COWZ,TLH_SUB,MDYV,1,1/1/2025
BLK_MAS,CWB,TLH_SUB,FCVT,1,1/1/2025
BLK_MAS,DBEF,TLH_SUB,PXF,1,1/1/2025
BLK_MAS,DEM,TLH_SUB,DVYE,1,1/1/2025
BLK_MAS,DES,TLH_SUB,DGRS,1,1/1/2025
BLK_MAS,DFAE,TLH_SUB,SCHE,1,1/1/2025
BLK_MAS,DFAE,TLH_SUB,SPEM,2,1/1/2025
BLK_MAS,DFAI,TLH_SUB,VXUS,1,1/1/2025
BLK_MAS,DFAS,TLH_SUB,IJR,1,1/1/2025
BLK_MAS,DFAT,TLH_SUB,VBR,1,1/1/2025
BLK_MAS,DFCF,TLH_SUB,BND,1,1/1/2025
BLK_MAS,DFGR,TLH_SUB,IYR,1,1/1/2025
BLK_MAS,DFIV,TLH_SUB,FNDF,1,1/1/2025
BLK_MAS,DFLV,TLH_SUB,IWD,1,1/1/2025
BLK_MAS,DFSV,TLH_SUB,ISCV,1,1/1/2025
BLK_MAS,DFUS,TLH_SUB,DYNF,1,1/1/2025
BLK_MAS,DFUS,TLH_SUB,LRGF,2,1/1/2025
BLK_MAS,DFUV,TLH_SUB,VLU,1,1/1/2025
BLK_MAS,DGRO,TLH_SUB,DIVB,1,1/1/2025
BLK_MAS,DGRW,TLH_SUB,DGRO,1,1/1/2025
BLK_MAS,DHS,TLH_SUB,VYM,1,1/1/2025
BLK_MAS,DIVI,TLH_SUB,HDEF,1,1/1/2025
BLK_MAS,DLN,TLH_SUB,MGV,1,1/1/2025
BLK_MAS,DMXF,TLH_SUB,ESGD,1,1/1/2025
BLK_MAS,DMXF,TLH_SUB,IEFA,2,1/1/2025
BLK_MAS,DNL,TLH_SUB,IQDG,1,1/1/2025
BLK_MAS,DON,TLH_SUB,VOE,1,1/1/2025
BLK_MAS,DON,TLH_SUB,MDYV,2,1/1/2025
BLK_MAS,DSI,TLH_SUB,SUSA,1,1/1/2025
BLK_MAS,DSTL,TLH_SUB,IVV,1,1/1/2025
BLK_MAS,DTH,TLH_SUB,VYMI,1,1/1/2025
BLK_MAS,DVYE,TLH_SUB,IEMG,1,1/1/2025
BLK_MAS,DXJ,TLH_SUB,FLJH,1,1/1/2025
BLK_MAS,DXJ,TLH_SUB,DBJP,2,1/1/2025
BLK_MAS,DYNF,TLH_SUB,IWV,1,1/1/2025
BLK_MAS,EAGG,TLH_SUB,SUSC,1,1/1/2025
BLK_MAS,EAGG,TLH_SUB,EUSB,2,1/1/2025
BLK_MAS,EELV,TLH_SUB,EEMV,1,1/1/2025
BLK_MAS,EEM,TLH_SUB,SPEM,1,1/1/2025
BLK_MAS,EEMV,TLH_SUB,EEM,1,1/1/2025
BLK_MAS,EFA,TLH_SUB,IEUR,1,1/1/2025
BLK_MAS,EFAD,TLH_SUB,IDHQ,1,1/1/2025
BLK_MAS,EFAV,TLH_SUB,IEFA,1,1/1/2025
BLK_MAS,EFG,TLH_SUB,IEV,1,1/1/2025
BLK_MAS,EFIV,TLH_SUB,ESGU,1,1/1/2025
BLK_MAS,EFV,TLH_SUB,IVLU,1,1/1/2025
BLK_MAS,EMB,TLH_SUB,VWOB,1,1/1/2025
BLK_MAS,EMGF,TLH_SUB,IEMG,1,1/1/2025
BLK_MAS,EMHY,TLH_SUB,HYEM,1,1/1/2025
BLK_MAS,EMNT,TLH_SUB,ICSH,1,1/1/2025
BLK_MAS,EMXC,TLH_SUB,EEM,1,1/1/2025
BLK_MAS,EPI,TLH_SUB,FLIN,1,1/1/2025
BLK_MAS,EPI,TLH_SUB,NFTY,2,1/1/2025
BLK_MAS,ESGD,TLH_SUB,DMXF,1,1/1/2025
BLK_MAS,ESGD,TLH_SUB,NUDM,2,1/1/2025
BLK_MAS,ESGE,TLH_SUB,LDEM,1,1/1/2025
BLK_MAS,ESGE,TLH_SUB,NUEM,2,1/1/2025
BLK_MAS,ESGU,TLH_SUB,SUSL,1,1/1/2025
BLK_MAS,ESGV,TLH_SUB,ESGU,1,1/1/2025
BLK_MAS,ESML,TLH_SUB,SMMD,1,1/1/2025
BLK_MAS,EUFN,TLH_SUB,IXG,1,1/1/2025
BLK_MAS,EUSB,TLH_SUB,EAGG,1,1/1/2025
BLK_MAS,EUSB,TLH_SUB,IUSB,2,1/1/2025
BLK_MAS,FALN,TLH_SUB,USHY,1,1/1/2025
BLK_MAS,FALN,TLH_SUB,HYBB,2,1/1/2025
BLK_MAS,FBCG,TLH_SUB,QQQ,1,1/1/2025
BLK_MAS,FBCV,TLH_SUB,MGV,1,1/1/2025
BLK_MAS,FBND,TLH_SUB,BOND,1,1/1/2025
BLK_MAS,FCOR,TLH_SUB,SPBO,1,1/1/2025
BLK_MAS,FDHY,TLH_SUB,HYLB,1,1/1/2025
BLK_MAS,FDL,TLH_SUB,HDV,1,1/1/2025
BLK_MAS,FDLO,TLH_SUB,FLLV,1,1/1/2025
BLK_MAS,FDMO,TLH_SUB,JMOM,1,1/1/2025
BLK_MAS,FDRR,TLH_SUB,DTD,1,1/1/2025
BLK_MAS,FDVV,TLH_SUB,VONV,1,1/1/2025
BLK_MAS,FEM,TLH_SUB,DGS,1,1/1/2025
BLK_MAS,FENY,TLH_SUB,FTXN,1,1/1/2025
BLK_MAS,FEZ,TLH_SUB,EZU,1,1/1/2025
BLK_MAS,FHLC,TLH_SUB,RSPH,1,1/1/2025
BLK_MAS,FIDI,TLH_SUB,HDEF,1,1/1/2025
BLK_MAS,FIDI,TLH_SUB,VYMI,2,1/1/2025
BLK_MAS,FIXD,TLH_SUB,BIV,1,1/1/2025
BLK_MAS,FLMI,TLH_SUB,VTEB,1,1/1/2025
BLK_MAS,FLOT,TLH_SUB,NEAR,1,1/1/2025
BLK_MAS,FLRN,TLH_SUB,NEAR,1,1/1/2025
BLK_MAS,FMB,TLH_SUB,VTEB,1,1/1/2025
BLK_MAS,FMHI,TLH_SUB,HYMB,1,1/1/2025
BLK_MAS,FNDE,TLH_SUB,SCHE,1,1/1/2025
BLK_MAS,FNDF,TLH_SUB,VYMI,1,1/1/2025
BLK_MAS,FNDF,TLH_SUB,HDEF,2,1/1/2025
BLK_MAS,FNDX,TLH_SUB,VONV,1,1/1/2025
BLK_MAS,FNDX,TLH_SUB,SCHV,2,1/1/2025
BLK_MAS,FPE,TLH_SUB,VRP,1,1/1/2025
BLK_MAS,FSMB,TLH_SUB,SMMU,1,1/1/2025
BLK_MAS,FTEC,TLH_SUB,IGM,1,1/1/2025
BLK_MAS,FTGC,TLH_SUB,CMDY,1,1/1/2025
BLK_MAS,FTSL,TLH_SUB,SRLN,1,1/1/2025
BLK_MAS,FVAL,TLH_SUB,VONV,1,1/1/2025
BLK_MAS,FVD,TLH_SUB,DIVB,1,1/1/2025
BLK_MAS,FXU,TLH_SUB,XLU,1,1/1/2025
BLK_MAS,FXU,TLH_SUB,VPU,2,1/1/2025
BLK_MAS,FYX,TLH_SUB,IJR,1,1/1/2025
BLK_MAS,GIGB,TLH_SUB,VCIT,1,1/1/2025
BLK_MAS,GLDM,TLH_SUB,IAU,1,1/1/2025
BLK_MAS,GOVT,TLH_SUB,IEF,1,1/1/2025
BLK_MAS,GRID,TLH_SUB,IFRA,1,1/1/2025
BLK_MAS,GSEW,TLH_SUB,VTI,1,1/1/2025
BLK_MAS,GSEW,TLH_SUB,SCHB,2,1/1/2025
BLK_MAS,GSIE,TLH_SUB,SCHF,1,1/1/2025
BLK_MAS,GTO,TLH_SUB,AGGY,1,1/1/2025
BLK_MAS,GTO,TLH_SUB,BIV,2,1/1/2025
BLK_MAS,GVI,TLH_SUB,GBF,1,1/1/2025
BLK_MAS,GVI,TLH_SUB,AGG,2,1/1/2025
BLK_MAS,HDV,TLH_SUB,IWX,1,1/1/2025
BLK_MAS,HEFA,TLH_SUB,HEZU,1,1/1/2025
BLK_MAS,HELO,TLH_SUB,SPLV,1,1/1/2025
BLK_MAS,HEZU,TLH_SUB,HEFA,1,1/1/2025
BLK_MAS,HIMU,TLH_SUB,HYMB,1,1/1/2025
BLK_MAS,HYD,TLH_SUB,HYMB,1,1/1/2025
BLK_MAS,HYDB,TLH_SUB,USHY,1,1/1/2025
BLK_MAS,HYDB,TLH_SUB,FALN,2,1/1/2025
BLK_MAS,HYG,TLH_SUB,USHY,1,1/1/2025
BLK_MAS,HYGV,TLH_SUB,HYLB,1,1/1/2025
BLK_MAS,HYGV,TLH_SUB,SPHY,2,1/1/2025
BLK_MAS,HYGW,TLH_SUB,HYDB,1,1/1/2025
BLK_MAS,HYGW,TLH_SUB,FALN,2,1/1/2025
BLK_MAS,HYLB,TLH_SUB,USHY,1,1/1/2025
BLK_MAS,HYLS,TLH_SUB,JNK,1,1/1/2025
BLK_MAS,HYMB,TLH_SUB,HYD,1,1/1/2025
BLK_MAS,HYMU,TLH_SUB,HYMB,1,1/1/2025
BLK_MAS,HYXF,TLH_SUB,NUHY,1,1/1/2025
BLK_MAS,IAGG,TLH_SUB,BNDX,1,1/1/2025
BLK_MAS,IAU,TLH_SUB,AAAU,1,1/1/2025
BLK_MAS,IAUM,TLH_SUB,IAU,1,1/1/2025
BLK_MAS,IBB,TLH_SUB,IYH,1,1/1/2025
BLK_MAS,ICF,TLH_SUB,USRT,1,1/1/2025
BLK_MAS,ICLN,TLH_SUB,PBD,1,1/1/2025
BLK_MAS,ICOW,TLH_SUB,DFIV,1,1/1/2025
BLK_MAS,ICSH,TLH_SUB,NEAR,1,1/1/2025
BLK_MAS,ICVT,TLH_SUB,FCVT,1,1/1/2025
BLK_MAS,IDU,TLH_SUB,IGF,1,1/1/2025
BLK_MAS,IEF,TLH_SUB,GOVT,1,1/1/2025
BLK_MAS,IEFA,TLH_SUB,EFG,1,1/1/2025
BLK_MAS,IEI,TLH_SUB,GOVT,1,1/1/2025
BLK_MAS,IEMG,TLH_SUB,EMGF,1,1/1/2025
BLK_MAS,IEUR,TLH_SUB,EZU,1,1/1/2025
BLK_MAS,IFRA,TLH_SUB,IGF,1,1/1/2025
BLK_MAS,IGEB,TLH_SUB,USIG,1,1/1/2025
BLK_MAS,IGIB,TLH_SUB,USIG,1,1/1/2025
BLK_MAS,IGLB,TLH_SUB,ILTB,1,1/1/2025
BLK_MAS,IGLD,TLH_SUB,GLDM,1,1/1/2025
BLK_MAS,IGM,TLH_SUB,IYW,1,1/1/2025
BLK_MAS,IGOV,TLH_SUB,BWX,1,1/1/2025
BLK_MAS,IGRO,TLH_SUB,IQLT,1,1/1/2025
BLK_MAS,IGSB,TLH_SUB,SPSB,1,1/1/2025
BLK_MAS,IHI,TLH_SUB,IYH,1,1/1/2025
BLK_MAS,IJH,TLH_SUB,IWR,1,1/1/2025
BLK_MAS,IJR,TLH_SUB,IJT,1,1/1/2025
BLK_MAS,IJS,TLH_SUB,ISCV,1,1/1/2025
BLK_MAS,IJT,TLH_SUB,IJR,1,1/1/2025
BLK_MAS,INRO,TLH_SUB,IVV,1,1/1/2025
BLK_MAS,INTF,TLH_SUB,IDEV,1,1/1/2025
BLK_MAS,IPAC,TLH_SUB,EWJ,1,1/1/2025
BLK_MAS,IQDG,TLH_SUB,DNL,1,1/1/2025
BLK_MAS,IQLT,TLH_SUB,IDHQ,1,1/1/2025
BLK_MAS,ISCG,TLH_SUB,IWO,1,1/1/2025
BLK_MAS,ISCG,TLH_SUB,IWM,2,1/1/2025
BLK_MAS,ISTB,TLH_SUB,IGSB,1,1/1/2025
BLK_MAS,ITB,TLH_SUB,XHB,1,1/1/2025
BLK_MAS,ITOT,TLH_SUB,FNDB,1,1/1/2025
BLK_MAS,IUSB,TLH_SUB,GBF,1,1/1/2025
BLK_MAS,IUSG,TLH_SUB,IWY,1,1/1/2025
BLK_MAS,IUSV,TLH_SUB,IWX,1,1/1/2025
BLK_MAS,IVE,TLH_SUB,ILCV,1,1/1/2025
BLK_MAS,IVLU,TLH_SUB,EFV,1,1/1/2025
BLK_MAS,IVV,TLH_SUB,OEF,1,1/1/2025
BLK_MAS,IVV,TLH_SUB,LRGF,2,1/1/2025
BLK_MAS,IVW,TLH_SUB,MTUM,1,1/1/2025
BLK_MAS,IWB,TLH_SUB,URTH,1,1/1/2025
BLK_MAS,IWD,TLH_SUB,IWX,1,1/1/2025
BLK_MAS,IWF,TLH_SUB,OEF,1,1/1/2025
BLK_MAS,IWM,TLH_SUB,ISCB,1,1/1/2025
BLK_MAS,IWO,TLH_SUB,ISCG,1,1/1/2025
BLK_MAS,IWP,TLH_SUB,IMCG,1,1/1/2025
BLK_MAS,IWR,TLH_SUB,IMCG,1,1/1/2025
BLK_MAS,IWS,TLH_SUB,IMCV,1,1/1/2025
BLK_MAS,IWV,TLH_SUB,URTH,1,1/1/2025
BLK_MAS,IWX,TLH_SUB,IWD,1,1/1/2025
BLK_MAS,IWY,TLH_SUB,IUSG,1,1/1/2025
BLK_MAS,IXC,TLH_SUB,IYE,1,1/1/2025
BLK_MAS,IXC,TLH_SUB,XLE,2,1/1/2025
BLK_MAS,IXG,TLH_SUB,IYF,1,1/1/2025
BLK_MAS,IXN,TLH_SUB,IYW,1,1/1/2025
BLK_MAS,IXUS,TLH_SUB,TLTD,1,1/1/2025
BLK_MAS,IYE,TLH_SUB,IGE,1,1/1/2025
BLK_MAS,IYF,TLH_SUB,IYG,1,1/1/2025
BLK_MAS,IYG,TLH_SUB,IYF,1,1/1/2025
BLK_MAS,IYH,TLH_SUB,IXJ,1,1/1/2025
BLK_MAS,IYJ,TLH_SUB,EXI,1,1/1/2025
BLK_MAS,IYT,TLH_SUB,XTN,1,1/1/2025
BLK_MAS,IYW,TLH_SUB,IGM,1,1/1/2025
BLK_MAS,JAAA,TLH_SUB,FLTR,1,1/1/2025
BLK_MAS,JAVA,TLH_SUB,SCHV,1,1/1/2025
BLK_MAS,JCPB,TLH_SUB,BND,1,1/1/2025
BLK_MAS,JEPI,TLH_SUB,FVD,1,1/1/2025
BLK_MAS,JEPQ,TLH_SUB,IWY,1,1/1/2025
BLK_MAS,JIG,TLH_SUB,EFG,1,1/1/2025
BLK_MAS,JIRE,TLH_SUB,VEA,1,1/1/2025
BLK_MAS,JIRE,TLH_SUB,BBIN,2,1/1/2025
BLK_MAS,JMOM,TLH_SUB,FDMO,1,1/1/2025
BLK_MAS,JMST,TLH_SUB,MEAR,1,1/1/2025
BLK_MAS,JMUB,TLH_SUB,VTEB,1,1/1/2025
BLK_MAS,JNK,TLH_SUB,SPHY,1,1/1/2025
BLK_MAS,JPIN,TLH_SUB,VEA,1,1/1/2025
BLK_MAS,JPME,TLH_SUB,JPUS,1,1/1/2025
BLK_MAS,JPST,TLH_SUB,ICSH,1,1/1/2025
BLK_MAS,JQUA,TLH_SUB,QUAL,1,1/1/2025
BLK_MAS,JVAL,TLH_SUB,VLU,1,1/1/2025
BLK_MAS,KBWY,TLH_SUB,VNQ,1,1/1/2025
BLK_MAS,KBWY,TLH_SUB,RWR,2,1/1/2025
BLK_MAS,KXI,TLH_SUB,IYK,1,1/1/2025
BLK_MAS,LCTD,TLH_SUB,ESGD,1,1/1/2025
BLK_MAS,LCTU,TLH_SUB,XVV,1,1/1/2025
BLK_MAS,LEMB,TLH_SUB,EBND,1,1/1/2025
BLK_MAS,LGLV,TLH_SUB,USMV,1,1/1/2025
BLK_MAS,LGOV,TLH_SUB,PLW,1,1/1/2025
BLK_MAS,LMBS,TLH_SUB,SPSB,1,1/1/2025
BLK_MAS,LQD,TLH_SUB,USIG,1,1/1/2025
BLK_MAS,LQDH,TLH_SUB,IGBH,1,1/1/2025
BLK_MAS,LQDW,TLH_SUB,IGIB,1,1/1/2025
BLK_MAS,LQDW,TLH_SUB,USIG,2,1/1/2025
BLK_MAS,LRGF,TLH_SUB,ITOT,1,1/1/2025
BLK_MAS,LVHD,TLH_SUB,VYM,1,1/1/2025
BLK_MAS,MBB,TLH_SUB,GNMA,1,1/1/2025
BLK_MAS,MBB,TLH_SUB,VMBS,2,1/1/2025
BLK_MAS,MGC,TLH_SUB,XLG,1,1/1/2025
BLK_MAS,MGK,TLH_SUB,VOOG,1,1/1/2025
BLK_MAS,MGV,TLH_SUB,ILCV,1,1/1/2025
BLK_MAS,MINT,TLH_SUB,FLDR,1,1/1/2025
BLK_MAS,MINT,TLH_SUB,FLRN,2,1/1/2025
BLK_MAS,MLN,TLH_SUB,PZA,1,1/1/2025
BLK_MAS,MLN,TLH_SUB,TFI,2,1/1/2025
BLK_MAS,MLPA,TLH_SUB,USAI,1,1/1/2025
BLK_MAS,MMIT,TLH_SUB,VTEB,1,1/1/2025
BLK_MAS,MNA,TLH_SUB,ARB,1,1/1/2025
BLK_MAS,MOAT,TLH_SUB,TILT,1,1/1/2025
BLK_MAS,MTBA,TLH_SUB,SPMB,1,1/1/2025
BLK_MAS,MTUM,TLH_SUB,IUSG,1,1/1/2025
BLK_MAS,MUB,TLH_SUB,PZA,1,1/1/2025
BLK_MAS,MUNI,TLH_SUB,SMMU,1,1/1/2025
BLK_MAS,NEAR,TLH_SUB,ICSH,1,1/1/2025
BLK_MAS,NETZ,TLH_SUB,ICLN,1,1/1/2025
BLK_MAS,NOBL,TLH_SUB,PFM,1,1/1/2025
BLK_MAS,NUBD,TLH_SUB,EAGG,1,1/1/2025
BLK_MAS,NUHY,TLH_SUB,HYXF,1,1/1/2025
BLK_MAS,OEF,TLH_SUB,IVV,1,1/1/2025
BLK_MAS,OMFL,TLH_SUB,RSP,1,1/1/2025
BLK_MAS,OVB,TLH_SUB,IMTB,1,1/1/2025
BLK_MAS,OVF,TLH_SUB,IEFA,1,1/1/2025
BLK_MAS,OVL,TLH_SUB,ITOT,1,1/1/2025
BLK_MAS,OVS,TLH_SUB,SPSM,1,1/1/2025
BLK_MAS,OVT,TLH_SUB,SPIB,1,1/1/2025
BLK_MAS,PAVE,TLH_SUB,IFRA,1,1/1/2025
BLK_MAS,PDBC,TLH_SUB,COMT,1,1/1/2025
BLK_MAS,PFF,TLH_SUB,PFFD,1,1/1/2025
BLK_MAS,PHYL,TLH_SUB,SPHY,1,1/1/2025
BLK_MAS,PHYL,TLH_SUB,HYLB,2,1/1/2025
BLK_MAS,PIFI,TLH_SUB,GVI,1,1/1/2025
BLK_MAS,PRF,TLH_SUB,VONV,1,1/1/2025
BLK_MAS,PSK,TLH_SUB,PFF,1,1/1/2025
BLK_MAS,PULS,TLH_SUB,FLRN,1,1/1/2025
BLK_MAS,PULS,TLH_SUB,BILS,2,1/1/2025
BLK_MAS,PWZ,TLH_SUB,CMF,1,1/1/2025
BLK_MAS,PWZ,TLH_SUB,PZA,2,1/1/2025
BLK_MAS,PYLD,TLH_SUB,SPIB,1,1/1/2025
BLK_MAS,QDF,TLH_SUB,FNDX,1,1/1/2025
BLK_MAS,QEMM,TLH_SUB,GEM,1,1/1/2025
BLK_MAS,QLTA,TLH_SUB,LQD,1,1/1/2025
BLK_MAS,QLTA,TLH_SUB,USIG,2,1/1/2025
BLK_MAS,QQEW,TLH_SUB,IGM,1,1/1/2025
BLK_MAS,QQQ,TLH_SUB,IETC,1,1/1/2025
BLK_MAS,QUAL,TLH_SUB,IWB,1,1/1/2025
BLK_MAS,RDVY,TLH_SUB,DIVB,1,1/1/2025
BLK_MAS,REET,TLH_SUB,USRT,1,1/1/2025
BLK_MAS,RING,TLH_SUB,SLVP,1,1/1/2025
BLK_MAS,RODM,TLH_SUB,DEEF,1,1/1/2025
BLK_MAS,RSP,TLH_SUB,GSEW,1,1/1/2025
BLK_MAS,RSP,TLH_SUB,JHML,2,1/1/2025
BLK_MAS,RSPG,TLH_SUB,VDE,1,1/1/2025
BLK_MAS,RSPH,TLH_SUB,VHT,1,1/1/2025
BLK_MAS,RSPT,TLH_SUB,XT,1,1/1/2025
BLK_MAS,RYE,TLH_SUB,VDE,1,1/1/2025
BLK_MAS,RYT,TLH_SUB,FTEC,1,1/1/2025
BLK_MAS,RYT,TLH_SUB,VGT,2,1/1/2025
BLK_MAS,SCHA,TLH_SUB,VB,1,1/1/2025
BLK_MAS,SCHB,TLH_SUB,QLC,1,1/1/2025
BLK_MAS,SCHD,TLH_SUB,VTV,1,1/1/2025
BLK_MAS,SCHD,TLH_SUB,VYM,2,1/1/2025
BLK_MAS,SCHE,TLH_SUB,SPEM,1,1/1/2025
BLK_MAS,SCHF,TLH_SUB,GSIE,1,1/1/2025
BLK_MAS,SCHG,TLH_SUB,XLG,1,1/1/2025
BLK_MAS,SCHI,TLH_SUB,CORP,1,1/1/2025
BLK_MAS,SCHJ,TLH_SUB,SLQD,1,1/1/2025
BLK_MAS,SCHM,TLH_SUB,JHMM,1,1/1/2025
BLK_MAS,SCHO,TLH_SUB,SHY,1,1/1/2025
BLK_MAS,SCHP,TLH_SUB,STPZ,1,1/1/2025
BLK_MAS,SCHR,TLH_SUB,IEI,1,1/1/2025
BLK_MAS,SCHV,TLH_SUB,MGV,1,1/1/2025
BLK_MAS,SCHX,TLH_SUB,XLG,1,1/1/2025
BLK_MAS,SCHY,TLH_SUB,HDEF,1,1/1/2025
BLK_MAS,SCHZ,TLH_SUB,BIV,1,1/1/2025
BLK_MAS,SCMB,TLH_SUB,MUB,1,1/1/2025
BLK_MAS,SDVY,TLH_SUB,SLYV,1,1/1/2025
BLK_MAS,SFY,TLH_SUB,SPYG,1,1/1/2025
BLK_MAS,SGOV,TLH_SUB,TFLO,1,1/1/2025
BLK_MAS,SHM,TLH_SUB,SMB,1,1/1/2025
BLK_MAS,SHV,TLH_SUB,ICSH,1,1/1/2025
BLK_MAS,SHY,TLH_SUB,ISTB,1,1/1/2025
BLK_MAS,SHY,TLH_SUB,SHV,2,1/1/2025
BLK_MAS,SHYD,TLH_SUB,HYMB,1,1/1/2025
BLK_MAS,SHYG,TLH_SUB,SJNK,1,1/1/2025
BLK_MAS,SIZE,TLH_SUB,IWR,1,1/1/2025
BLK_MAS,SJNK,TLH_SUB,USHY,1,1/1/2025
BLK_MAS,SKOR,TLH_SUB,SPIB,1,1/1/2025
BLK_MAS,SLV,TLH_SUB,SIL,1,1/1/2025
BLK_MAS,SLYG,TLH_SUB,IJR,1,1/1/2025
BLK_MAS,SMDV,TLH_SUB,REGL,1,1/1/2025
BLK_MAS,SMH,TLH_SUB,XSD,1,1/1/2025
BLK_MAS,SMIG,TLH_SUB,SMMD,1,1/1/2025
BLK_MAS,SMLF,TLH_SUB,IJR,1,1/1/2025
BLK_MAS,SMMU,TLH_SUB,SUB,1,1/1/2025
BLK_MAS,SOXX,TLH_SUB,IYW,1,1/1/2025
BLK_MAS,SPAB,TLH_SUB,BIV,1,1/1/2025
BLK_MAS,SPBO,TLH_SUB,CORP,1,1/1/2025
BLK_MAS,SPDW,TLH_SUB,IXUS,1,1/1/2025
BLK_MAS,SPEM,TLH_SUB,IEMG,1,1/1/2025
BLK_MAS,SPGM,TLH_SUB,VT,1,1/1/2025
BLK_MAS,SPGM,TLH_SUB,CWI,2,1/1/2025
BLK_MAS,SPGP,TLH_SUB,QQQ,1,1/1/2025
BLK_MAS,SPHQ,TLH_SUB,JQUA,1,1/1/2025
BLK_MAS,SPHQ,TLH_SUB,SPY,2,1/1/2025
BLK_MAS,SPHY,TLH_SUB,HYLB,1,1/1/2025
BLK_MAS,SPIB,TLH_SUB,IGIB,1,1/1/2025
BLK_MAS,SPIP,TLH_SUB,STPZ,1,1/1/2025
BLK_MAS,SPLB,TLH_SUB,ILTB,1,1/1/2025
BLK_MAS,SPLG,TLH_SUB,OEF,1,1/1/2025
BLK_MAS,SPLG,TLH_SUB,JQUA,2,1/1/2025
BLK_MAS,SPLV,TLH_SUB,USMV,1,1/1/2025
BLK_MAS,SPMB,TLH_SUB,AGZ,1,1/1/2025
BLK_MAS,SPMD,TLH_SUB,IWR,1,1/1/2025
BLK_MAS,SPMO,TLH_SUB,JMOM,1,1/1/2025
BLK_MAS,SPSB,TLH_SUB,IGSB,1,1/1/2025
BLK_MAS,SPSM,TLH_SUB,PRFZ,1,1/1/2025
BLK_MAS,SPTI,TLH_SUB,IEI,1,1/1/2025
BLK_MAS,SPTL,TLH_SUB,TLT,1,1/1/2025
BLK_MAS,SPTS,TLH_SUB,SHY,1,1/1/2025
BLK_MAS,SPY,TLH_SUB,OEF,1,1/1/2025
BLK_MAS,SPYD,TLH_SUB,DVY,1,1/1/2025
BLK_MAS,SPYG,TLH_SUB,SCHG,1,1/1/2025
BLK_MAS,SPYV,TLH_SUB,VONV,1,1/1/2025
BLK_MAS,SPYX,TLH_SUB,SUSA,1,1/1/2025
BLK_MAS,STIP,TLH_SUB,ISTB,1,1/1/2025
BLK_MAS,STIP,TLH_SUB,TIP,2,1/1/2025
BLK_MAS,SUB,TLH_SUB,SHM,1,1/1/2025
BLK_MAS,SUSA,TLH_SUB,SUSL,1,1/1/2025
BLK_MAS,SUSB,TLH_SUB,SLQD,1,1/1/2025
BLK_MAS,SUSC,TLH_SUB,LQD,1,1/1/2025
BLK_MAS,SUSL,TLH_SUB,ESGU,1,1/1/2025
BLK_MAS,TAXF,TLH_SUB,VTEB,1,1/1/2025
BLK_MAS,TECB,TLH_SUB,IGM,1,1/1/2025
BLK_MAS,TFI,TLH_SUB,ITM,1,1/1/2025
BLK_MAS,TFLO,TLH_SUB,SGOV,1,1/1/2025
BLK_MAS,TFLO,TLH_SUB,SHV,2,1/1/2025
BLK_MAS,THRO,TLH_SUB,IWL,1,1/1/2025
BLK_MAS,TIP,TLH_SUB,IUSB,1,1/1/2025
BLK_MAS,TIP,TLH_SUB,STIP,2,1/1/2025
BLK_MAS,TLH,TLH_SUB,TLT,1,1/1/2025
BLK_MAS,TLT,TLH_SUB,TLH,1,1/1/2025
BLK_MAS,TTAC,TLH_SUB,FQAL,1,1/1/2025
BLK_MAS,TTAI,TLH_SUB,IQLT,1,1/1/2025
BLK_MAS,UCON,TLH_SUB,FIXD,1,1/1/2025
BLK_MAS,URA,TLH_SUB,URNM,1,1/1/2025
BLK_MAS,URTH,TLH_SUB,SPGM,1,1/1/2025
BLK_MAS,USFR,TLH_SUB,TFLO,1,1/1/2025
BLK_MAS,USHY,TLH_SUB,HYG,1,1/1/2025
BLK_MAS,USIG,TLH_SUB,LQD,1,1/1/2025
BLK_MAS,USRT,TLH_SUB,VNQ,1,1/1/2025
BLK_MAS,USXF,TLH_SUB,SUSL,1,1/1/2025
BLK_MAS,VB,TLH_SUB,SCHA,1,1/1/2025
BLK_MAS,VBK,TLH_SUB,VTWG,1,1/1/2025
BLK_MAS,VBR,TLH_SUB,VTWV,1,1/1/2025
BLK_MAS,VCIT,TLH_SUB,SPIB,1,1/1/2025
BLK_MAS,VCLT,TLH_SUB,BLV,1,1/1/2025
BLK_MAS,VCSH,TLH_SUB,FLTB,1,1/1/2025
BLK_MAS,VEA,TLH_SUB,EFA,1,1/1/2025
BLK_MAS,VEGA,TLH_SUB,BAUG,1,1/1/2025
BLK_MAS,VEU,TLH_SUB,IDEV,1,1/1/2025
BLK_MAS,VFMO,TLH_SUB,MDYG,1,1/1/2025
BLK_MAS,VGIT,TLH_SUB,GOVT,1,1/1/2025
BLK_MAS,VGLT,TLH_SUB,BLV,1,1/1/2025
BLK_MAS,VGT,TLH_SUB,QQQ,1,1/1/2025
BLK_MAS,VIG,TLH_SUB,DGRW,1,1/1/2025
BLK_MAS,VIGI,TLH_SUB,VXUS,1,1/1/2025
BLK_MAS,VLUE,TLH_SUB,IWD,1,1/1/2025
BLK_MAS,VMBS,TLH_SUB,MBB,1,1/1/2025
BLK_MAS,VNQ,TLH_SUB,BBRE,1,1/1/2025
BLK_MAS,VNQI,TLH_SUB,VXUS,1,1/1/2025
BLK_MAS,VO,TLH_SUB,IWR,1,1/1/2025
BLK_MAS,VOO,TLH_SUB,XLG,1,1/1/2025
BLK_MAS,VOTE,TLH_SUB,JUST,1,1/1/2025
BLK_MAS,VSGX,TLH_SUB,EFAX,1,1/1/2025
BLK_MAS,VSLU,TLH_SUB,DUHP,1,1/1/2025
BLK_MAS,VSS,TLH_SUB,SCHC,1,1/1/2025
BLK_MAS,VT,TLH_SUB,SPGM,1,1/1/2025
BLK_MAS,VTC,TLH_SUB,VCIT,1,1/1/2025
BLK_MAS,VTEB,TLH_SUB,ITM,1,1/1/2025
BLK_MAS,VTIP,TLH_SUB,STPZ,1,1/1/2025
BLK_MAS,VTV,TLH_SUB,IWX,1,1/1/2025
BLK_MAS,VUG,TLH_SUB,RPG,1,1/1/2025
BLK_MAS,VV,TLH_SUB,XLG,1,1/1/2025
BLK_MAS,VWO,TLH_SUB,SPEM,1,1/1/2025
BLK_MAS,VWOB,TLH_SUB,EMB,1,1/1/2025
BLK_MAS,VYM,TLH_SUB,SDY,1,1/1/2025
BLK_MAS,VYMI,TLH_SUB,HDEF,1,1/1/2025
BLK_MAS,WCLD,TLH_SUB,CLOU,1,1/1/2025
BLK_MAS,XAR,TLH_SUB,ITA,1,1/1/2025
BLK_MAS,XCEM,TLH_SUB,EMXC,1,1/1/2025
BLK_MAS,XJR,TLH_SUB,ESML,1,1/1/2025
BLK_MAS,XLB,TLH_SUB,IYM,1,1/1/2025
BLK_MAS,XLC,TLH_SUB,IXP,1,1/1/2025
BLK_MAS,XLE,TLH_SUB,IXC,1,1/1/2025
BLK_MAS,XLF,TLH_SUB,IYG,1,1/1/2025
BLK_MAS,XLG,TLH_SUB,BKLC,1,1/1/2025
BLK_MAS,XLI,TLH_SUB,IYJ,1,1/1/2025
BLK_MAS,XLK,TLH_SUB,QQQ,1,1/1/2025
BLK_MAS,XLP,TLH_SUB,KXI,1,1/1/2025
BLK_MAS,XLRE,TLH_SUB,VNQ,1,1/1/2025
BLK_MAS,XLU,TLH_SUB,JXI,1,1/1/2025
BLK_MAS,XLV,TLH_SUB,IXJ,1,1/1/2025
BLK_MAS,XLY,TLH_SUB,IYC,1,1/1/2025
BLK_MAS,XMHQ,TLH_SUB,IJK,1,1/1/2025
BLK_MAS,XNTK,TLH_SUB,IXN,1,1/1/2025
BLK_MAS,XSOE,TLH_SUB,IEMG,1,1/1/2025
BLK_MAS,XT,TLH_SUB,IXN,1,1/1/2025
BLK_MAS,XTEN,TLH_SUB,VGLT,1,1/1/2025
BLK_MAS,AAAU,TLH_SUB,GLDM,1,12/16/2025
BLK_MAS,ABLD,TLH_SUB,VONV,1,12/16/2025
BLK_MAS,ACWI,TLH_SUB,GLOF,1,12/16/2025
BLK_MAS,ACWV,TLH_SUB,USMV,1,12/16/2025
BLK_MAS,AGG,TLH_SUB,IUSB,1,12/16/2025
BLK_MAS,AGG,TLH_SUB,GBF,2,12/16/2025
BLK_MAS,AGGY,TLH_SUB,AGG,1,12/16/2025
BLK_MAS,AGOX,TLH_SUB,SCHB,1,12/16/2025
BLK_MAS,AGOX,TLH_SUB,VTI,2,12/16/2025
BLK_MAS,AGZ,TLH_SUB,IEI,1,12/16/2025
BLK_MAS,AIQ,TLH_SUB,FTEC,1,12/16/2025
BLK_MAS,ALAI,TLH_SUB,WTAI,1,12/16/2025
BLK_MAS,ANGL,TLH_SUB,FALN,1,12/16/2025
BLK_MAS,ARTY,TLH_SUB,IYW,1,12/16/2025
BLK_MAS,AVDE,TLH_SUB,VEA,1,12/16/2025
BLK_MAS,AVEM,TLH_SUB,SPEM,1,12/16/2025
BLK_MAS,AVIG,TLH_SUB,BIV,1,12/16/2025
BLK_MAS,AVLC,TLH_SUB,MGC,1,12/16/2025
BLK_MAS,AVLC,TLH_SUB,JMOM,2,12/16/2025
BLK_MAS,AVLV,TLH_SUB,VLU,1,12/16/2025
BLK_MAS,AVUS,TLH_SUB,SCHX,1,12/16/2025
BLK_MAS,AVUV,TLH_SUB,VFVA,1,12/16/2025
BLK_MAS,BAI,TLH_SUB,IYW,1,12/16/2025
BLK_MAS,BAI,TLH_SUB,IVW,2,12/16/2025
BLK_MAS,BAI,TLH_SUB,IWY,3,12/16/2025
BLK_MAS,BALI,TLH_SUB,USMV,1,12/16/2025
BLK_MAS,BBCB,TLH_SUB,LQD,1,12/16/2025
BLK_MAS,BBIN,TLH_SUB,VXUS,1,12/16/2025
BLK_MAS,BBIN,TLH_SUB,VEU,2,12/16/2025
BLK_MAS,BIDD,TLH_SUB,EFA,1,12/16/2025
BLK_MAS,BDVL,TLH_SUB,ACWV,1,12/16/2025
BLK_MAS,BDYN,TLH_SUB,URTH,1,12/16/2025
BLK_MAS,BILS,TLH_SUB,GBIL,1,12/16/2025
BLK_MAS,BINC,TLH_SUB,HYG,1,12/16/2025
BLK_MAS,BINC,TLH_SUB,USHY,2,12/16/2025
BLK_MAS,BIV,TLH_SUB,SCHR,1,12/16/2025
BLK_MAS,BKHY,TLH_SUB,HYG,1,12/16/2025
BLK_MAS,BKLN,TLH_SUB,SJNK,1,12/16/2025
BLK_MAS,BND,TLH_SUB,BIV,1,12/16/2025
BLK_MAS,BNDX,TLH_SUB,BNDW,1,12/16/2025
BLK_MAS,BOND,TLH_SUB,AGG,1,12/16/2025
BLK_MAS,BOND,TLH_SUB,VBND,2,12/16/2025
BLK_MAS,BRTR,TLH_SUB,IUSB,1,12/16/2025
BLK_MAS,BRTR,TLH_SUB,AGG,2,12/16/2025
BLK_MAS,BSV,TLH_SUB,ISTB,1,12/16/2025
BLK_MAS,BTC,TLH_SUB,FBTC,1,12/16/2025
BLK_MAS,CALF,TLH_SUB,SLYV,1,12/16/2025
BLK_MAS,CALF,TLH_SUB,VIOV,2,12/16/2025
BLK_MAS,CEMB,TLH_SUB,EMHY,1,12/16/2025
BLK_MAS,CGBL,TLH_SUB,CGUS,1,12/16/2025
BLK_MAS,CGCP,TLH_SUB,DIAL,1,12/16/2025
BLK_MAS,CGDV,TLH_SUB,DIVB,1,12/16/2025
BLK_MAS,CGGR,TLH_SUB,IVW,1,12/16/2025
BLK_MAS,CGIC,TLH_SUB,VXUS,1,12/16/2025
BLK_MAS,CGMS,TLH_SUB,VBND,1,12/16/2025
BLK_MAS,CGMU,TLH_SUB,VTEI,1,12/16/2025
BLK_MAS,CGMU,TLH_SUB,ITM,2,12/16/2025
BLK_MAS,CGUS,TLH_SUB,IWL,1,12/16/2025
BLK_MAS,CGXU,TLH_SUB,DNL,1,12/16/2025
BLK_MAS,CIBR,TLH_SUB,BUG,1,12/16/2025
BLK_MAS,CLOA,TLH_SUB,FLTR,1,12/16/2025
BLK_MAS,CMDY,TLH_SUB,COMT,1,12/16/2025
BLK_MAS,CMF,TLH_SUB,PWZ,1,12/16/2025
BLK_MAS,CMF,TLH_SUB,VTEC,2,12/16/2025
BLK_MAS,COMT,TLH_SUB,CMDY,1,12/16/2025
BLK_MAS,COWZ,TLH_SUB,MDYV,1,12/16/2025
BLK_MAS,CPAI,TLH_SUB,SPMD,1,12/16/2025
BLK_MAS,CWB,TLH_SUB,FCVT,1,12/16/2025
BLK_MAS,DBEF,TLH_SUB,PXF,1,12/16/2025
BLK_MAS,DEM,TLH_SUB,DVYE,1,12/16/2025
BLK_MAS,DES,TLH_SUB,DGRS,1,12/16/2025
BLK_MAS,DFAC,TLH_SUB,GSEW,1,12/16/2025
BLK_MAS,DFAE,TLH_SUB,SCHE,1,12/16/2025
BLK_MAS,DFAE,TLH_SUB,SPEM,2,12/16/2025
BLK_MAS,DFAI,TLH_SUB,VXUS,1,12/16/2025
BLK_MAS,DFAS,TLH_SUB,IJR,1,12/16/2025
BLK_MAS,DFAT,TLH_SUB,VBR,1,12/16/2025
BLK_MAS,DFAU,TLH_SUB,JMOM,1,12/16/2025
BLK_MAS,DFAU,TLH_SUB,JQUA,2,12/16/2025
BLK_MAS,DFCF,TLH_SUB,BND,1,12/16/2025
BLK_MAS,DFGR,TLH_SUB,IYR,1,12/16/2025
BLK_MAS,DFIP,TLH_SUB,SPIP,1,12/16/2025
BLK_MAS,DFIS,TLH_SUB,VSS,1,12/16/2025
BLK_MAS,DFIS,TLH_SUB,SCHC,2,12/16/2025
BLK_MAS,DFIV,TLH_SUB,FNDF,1,12/16/2025
BLK_MAS,DFLV,TLH_SUB,IWD,1,12/16/2025
BLK_MAS,DFNM,TLH_SUB,VTEI,1,12/16/2025
BLK_MAS,DFNM,TLH_SUB,VTEB,2,12/16/2025
BLK_MAS,DFSV,TLH_SUB,ISCV,1,12/16/2025
BLK_MAS,DFUS,TLH_SUB,DYNF,1,12/16/2025
BLK_MAS,DFUS,TLH_SUB,LRGF,2,12/16/2025
BLK_MAS,DFUV,TLH_SUB,VLU,1,12/16/2025
BLK_MAS,DGCB,TLH_SUB,BNDW,1,12/16/2025
BLK_MAS,DGRO,TLH_SUB,DIVB,1,12/16/2025
BLK_MAS,DGRW,TLH_SUB,DGRO,1,12/16/2025
BLK_MAS,DGRW,TLH_SUB,VIG,2,12/16/2025
BLK_MAS,DGRW,TLH_SUB,JQUA,3,12/16/2025
BLK_MAS,DHS,TLH_SUB,VYM,1,12/16/2025
BLK_MAS,DIVI,TLH_SUB,HDEF,1,12/16/2025
BLK_MAS,DLN,TLH_SUB,MGV,1,12/16/2025
BLK_MAS,DMXF,TLH_SUB,ESGD,1,12/16/2025
BLK_MAS,DMXF,TLH_SUB,IEFA,2,12/16/2025
BLK_MAS,DNL,TLH_SUB,IQDG,1,12/16/2025
BLK_MAS,DON,TLH_SUB,VOE,1,12/16/2025
BLK_MAS,DON,TLH_SUB,MDYV,2,12/16/2025
BLK_MAS,DSI,TLH_SUB,SUSA,1,12/16/2025
BLK_MAS,DSTL,TLH_SUB,IVV,1,12/16/2025
BLK_MAS,DSTL,TLH_SUB,RSP,2,12/16/2025
BLK_MAS,DTH,TLH_SUB,VYMI,1,12/16/2025
BLK_MAS,DVYE,TLH_SUB,IEMG,1,12/16/2025
BLK_MAS,DXJ,TLH_SUB,FLJH,1,12/16/2025
BLK_MAS,DXJ,TLH_SUB,DBJP,2,12/16/2025
BLK_MAS,DYNF,TLH_SUB,ITOT,1,12/16/2025
BLK_MAS,DYNF,TLH_SUB,IWV,2,12/16/2025
BLK_MAS,EAGG,TLH_SUB,SUSC,1,12/16/2025
BLK_MAS,EAGG,TLH_SUB,EUSB,2,12/16/2025
BLK_MAS,EAGG,TLH_SUB,AGG,3,12/16/2025
BLK_MAS,EELV,TLH_SUB,EEMV,1,12/16/2025
BLK_MAS,EEM,TLH_SUB,SPEM,1,12/16/2025
BLK_MAS,EEMV,TLH_SUB,EEM,1,12/16/2025
BLK_MAS,EFA,TLH_SUB,IEUR,1,12/16/2025
BLK_MAS,EFAD,TLH_SUB,IDHQ,1,12/16/2025
BLK_MAS,EFAV,TLH_SUB,IEFA,1,12/16/2025
BLK_MAS,EFG,TLH_SUB,IEV,1,12/16/2025
BLK_MAS,EFIV,TLH_SUB,ESGU,1,12/16/2025
BLK_MAS,EFV,TLH_SUB,IVLU,1,12/16/2025
BLK_MAS,EMB,TLH_SUB,VWOB,1,12/16/2025
BLK_MAS,EMGF,TLH_SUB,IEMG,1,12/16/2025
BLK_MAS,EMHY,TLH_SUB,HYEM,1,12/16/2025
BLK_MAS,EMLC,TLH_SUB,EBND,1,12/16/2025
BLK_MAS,EMNT,TLH_SUB,ICSH,1,12/16/2025
BLK_MAS,EMXC,TLH_SUB,EEM,1,12/16/2025
BLK_MAS,EMXC,TLH_SUB,IEMG,2,12/16/2025
BLK_MAS,EPI,TLH_SUB,FLIN,1,12/16/2025
BLK_MAS,EPI,TLH_SUB,NFTY,2,12/16/2025
BLK_MAS,HEDG,TLH_SUB,XYLD,1,12/16/2025
BLK_MAS,ESGD,TLH_SUB,DMXF,1,12/16/2025
BLK_MAS,ESGD,TLH_SUB,NUDM,2,12/16/2025
BLK_MAS,ESGE,TLH_SUB,LDEM,1,12/16/2025
BLK_MAS,ESGE,TLH_SUB,NUEM,2,12/16/2025
BLK_MAS,ESGU,TLH_SUB,SUSL,1,12/16/2025
BLK_MAS,ESGV,TLH_SUB,ESGU,1,12/16/2025
BLK_MAS,ESGV,TLH_SUB,SNPE,2,12/16/2025
BLK_MAS,ESGV,TLH_SUB,EFIV,3,12/16/2025
BLK_MAS,ESML,TLH_SUB,SMMD,1,12/16/2025
BLK_MAS,ETH,TLH_SUB,ETHE,1,12/16/2025
BLK_MAS,EUFN,TLH_SUB,IXG,1,12/16/2025
BLK_MAS,EUSA,TLH_SUB,ITOT,1,12/16/2025
BLK_MAS,EUSA,TLH_SUB,IVV,2,12/16/2025
BLK_MAS,EUSB,TLH_SUB,EAGG,1,12/16/2025
BLK_MAS,EUSB,TLH_SUB,IUSB,2,12/16/2025
BLK_MAS,EVMO,TLH_SUB,VMBS,1,12/16/2025
BLK_MAS,EVTR,TLH_SUB,SCHZ,1,12/16/2025
BLK_MAS,EVTR,TLH_SUB,BND,2,12/16/2025
BLK_MAS,EVUS,TLH_SUB,ESGU,1,12/16/2025
BLK_MAS,EVUS,TLH_SUB,XVV,2,12/16/2025
BLK_MAS,FALN,TLH_SUB,USHY,1,12/16/2025
BLK_MAS,FALN,TLH_SUB,HYBB,2,12/16/2025
BLK_MAS,FBCG,TLH_SUB,QQQ,1,12/16/2025
BLK_MAS,FBCV,TLH_SUB,MGV,1,12/16/2025
BLK_MAS,FBND,TLH_SUB,BOND,1,12/16/2025
BLK_MAS,FCOR,TLH_SUB,SPBO,1,12/16/2025
BLK_MAS,FCVT,TLH_SUB,CWB,1,12/16/2025
BLK_MAS,FDEM,TLH_SUB,SPEM,1,12/16/2025
BLK_MAS,FDEM,TLH_SUB,VWO,2,12/16/2025
BLK_MAS,FDEV,TLH_SUB,SCHF,1,12/16/2025
BLK_MAS,FDHY,TLH_SUB,HYLB,1,12/16/2025
BLK_MAS,FDL,TLH_SUB,HDV,1,12/16/2025
BLK_MAS,FDLO,TLH_SUB,INCE,1,12/16/2025
BLK_MAS,FDMO,TLH_SUB,JMOM,1,12/16/2025
BLK_MAS,FDRR,TLH_SUB,DTD,1,12/16/2025
BLK_MAS,FDVV,TLH_SUB,VONV,1,12/16/2025
BLK_MAS,FEM,TLH_SUB,DGS,1,12/16/2025
BLK_MAS,FENY,TLH_SUB,FTXN,1,12/16/2025
BLK_MAS,FESM,TLH_SUB,VTWO,1,12/16/2025
BLK_MAS,FESM,TLH_SUB,SPSM,2,12/16/2025
BLK_MAS,FEZ,TLH_SUB,EZU,1,12/16/2025
BLK_MAS,FGDL,TLH_SUB,GLDM,1,12/16/2025
BLK_MAS,FHLC,TLH_SUB,RSPH,1,12/16/2025
BLK_MAS,FIDI,TLH_SUB,HDEF,1,12/16/2025
BLK_MAS,FIDI,TLH_SUB,VYMI,2,12/16/2025
BLK_MAS,FIXD,TLH_SUB,BIV,1,12/16/2025
BLK_MAS,FLBL,TLH_SUB,BKLN,1,12/16/2025
BLK_MAS,FLMI,TLH_SUB,VTEB,1,12/16/2025
BLK_MAS,FLOT,TLH_SUB,NEAR,1,12/16/2025
BLK_MAS,FLQL,TLH_SUB,SCHX,1,12/16/2025
BLK_MAS,FLQL,TLH_SUB,SPTM,2,12/16/2025
BLK_MAS,FLRN,TLH_SUB,NEAR,1,12/16/2025
BLK_MAS,FMB,TLH_SUB,VTEB,1,12/16/2025
BLK_MAS,FMB,TLH_SUB,SCMB,2,12/16/2025
BLK_MAS,FMHI,TLH_SUB,HYMB,1,12/16/2025
BLK_MAS,FNDE,TLH_SUB,SCHE,1,12/16/2025
BLK_MAS,FNDF,TLH_SUB,VYMI,1,12/16/2025
BLK_MAS,FNDF,TLH_SUB,HDEF,2,12/16/2025
BLK_MAS,FNDX,TLH_SUB,VONV,1,12/16/2025
BLK_MAS,FNDX,TLH_SUB,SCHV,2,12/16/2025
BLK_MAS,FPE,TLH_SUB,VRP,1,12/16/2025
BLK_MAS,FQAL,TLH_SUB,SPY,1,12/16/2025
BLK_MAS,FRDM,TLH_SUB,NUEM,1,12/16/2025
BLK_MAS,FSMB,TLH_SUB,SMMU,1,12/16/2025
BLK_MAS,FTEC,TLH_SUB,IGM,1,12/16/2025
BLK_MAS,FTGC,TLH_SUB,CMDY,1,12/16/2025
BLK_MAS,FTGS,TLH_SUB,JMOM,1,12/16/2025
BLK_MAS,FTSL,TLH_SUB,SRLN,1,12/16/2025
BLK_MAS,FVAL,TLH_SUB,VONV,1,12/16/2025
BLK_MAS,FVD,TLH_SUB,DIVB,1,12/16/2025
BLK_MAS,FWD,TLH_SUB,TRFM,1,12/16/2025
BLK_MAS,FXL,TLH_SUB,RSPT,1,12/16/2025
BLK_MAS,FXU,TLH_SUB,XLU,1,12/16/2025
BLK_MAS,FXU,TLH_SUB,VPU,2,12/16/2025
BLK_MAS,FYX,TLH_SUB,IJR,1,12/16/2025
BLK_MAS,GARP,TLH_SUB,ILCG,1,12/16/2025
BLK_MAS,GARP,TLH_SUB,IUSG,2,12/16/2025
BLK_MAS,GIGB,TLH_SUB,VCIT,1,12/16/2025
BLK_MAS,GLD,TLH_SUB,AAAU,1,12/16/2025
BLK_MAS,GLDM,TLH_SUB,IAU,1,12/16/2025
BLK_MAS,GOVT,TLH_SUB,IEF,1,12/16/2025
BLK_MAS,GRID,TLH_SUB,IFRA,1,12/16/2025
BLK_MAS,GSEW,TLH_SUB,VTI,1,12/16/2025
BLK_MAS,GSEW,TLH_SUB,SCHB,2,12/16/2025
BLK_MAS,GSIE,TLH_SUB,SCHF,1,12/16/2025
BLK_MAS,GTO,TLH_SUB,AGGY,1,12/16/2025
BLK_MAS,GTO,TLH_SUB,BIV,2,12/16/2025
BLK_MAS,GVI,TLH_SUB,GBF,1,12/16/2025
BLK_MAS,GVI,TLH_SUB,AGG,2,12/16/2025
BLK_MAS,HDV,TLH_SUB,IWX,1,12/16/2025
BLK_MAS,HEFA,TLH_SUB,HEZU,1,12/16/2025
BLK_MAS,HELO,TLH_SUB,SPLV,1,12/16/2025
BLK_MAS,HEZU,TLH_SUB,HEFA,1,12/16/2025
BLK_MAS,HFSI,TLH_SUB,NUBD,1,12/16/2025
BLK_MAS,HIMU,TLH_SUB,HYMB,1,12/16/2025
BLK_MAS,HIMU,TLH_SUB,HYD,2,12/16/2025
BLK_MAS,HMOP,TLH_SUB,VTEB,1,12/16/2025
BLK_MAS,HTRB,TLH_SUB,AGGY,1,12/16/2025
BLK_MAS,HTRB,TLH_SUB,BIV,2,12/16/2025
BLK_MAS,HYD,TLH_SUB,HYMB,1,12/16/2025
BLK_MAS,HYDB,TLH_SUB,USHY,1,12/16/2025
BLK_MAS,HYDB,TLH_SUB,FALN,2,12/16/2025
BLK_MAS,HYDB,TLH_SUB,HYBB,3,12/16/2025
BLK_MAS,HYFI,TLH_SUB,JNK,1,12/16/2025
BLK_MAS,HYFI,TLH_SUB,HYLB,2,12/16/2025
BLK_MAS,HYG,TLH_SUB,USHY,1,12/16/2025
BLK_MAS,HYGV,TLH_SUB,HYLB,1,12/16/2025
BLK_MAS,HYGV,TLH_SUB,SPHY,2,12/16/2025
BLK_MAS,HYGW,TLH_SUB,HYDB,1,12/16/2025
BLK_MAS,HYGW,TLH_SUB,FALN,2,12/16/2025
BLK_MAS,HYLB,TLH_SUB,USHY,1,12/16/2025
BLK_MAS,HYLS,TLH_SUB,JNK,1,12/16/2025
BLK_MAS,HYMB,TLH_SUB,HYD,1,12/16/2025
BLK_MAS,SHYM,TLH_SUB,HYMB,1,12/16/2025
BLK_MAS,HYXF,TLH_SUB,NUHY,1,12/16/2025
BLK_MAS,IAGG,TLH_SUB,BNDX,1,12/16/2025
BLK_MAS,IAU,TLH_SUB,AAAU,1,12/16/2025
BLK_MAS,IAUM,TLH_SUB,IAU,1,12/16/2025
BLK_MAS,IBB,TLH_SUB,IYH,1,12/16/2025
BLK_MAS,ICF,TLH_SUB,USRT,1,12/16/2025
BLK_MAS,ICLN,TLH_SUB,PBD,1,12/16/2025
BLK_MAS,ICOW,TLH_SUB,DFIV,1,12/16/2025
BLK_MAS,ICSH,TLH_SUB,NEAR,1,12/16/2025
BLK_MAS,ICVT,TLH_SUB,FCVT,1,12/16/2025
BLK_MAS,IDEV,TLH_SUB,IEUR,1,12/16/2025
BLK_MAS,IDMO,TLH_SUB,SPDW,1,12/16/2025
BLK_MAS,IDU,TLH_SUB,IGF,1,12/16/2025
BLK_MAS,IDU,TLH_SUB,DVY,2,12/16/2025
BLK_MAS,IDU,TLH_SUB,IWD,3,12/16/2025
BLK_MAS,IDVO,TLH_SUB,IDMO,1,12/16/2025
BLK_MAS,IEF,TLH_SUB,GOVT,1,12/16/2025
BLK_MAS,IEFA,TLH_SUB,EFG,1,12/16/2025
BLK_MAS,IEI,TLH_SUB,GOVT,1,12/16/2025
BLK_MAS,IEMG,TLH_SUB,EMGF,1,12/16/2025
BLK_MAS,IETC,TLH_SUB,ILCG,1,12/16/2025
BLK_MAS,IEUR,TLH_SUB,EZU,1,12/16/2025
BLK_MAS,IFRA,TLH_SUB,IGF,1,12/16/2025
BLK_MAS,IGEB,TLH_SUB,USIG,1,12/16/2025
BLK_MAS,IGEB,TLH_SUB,IGIB,2,12/16/2025
BLK_MAS,IGEB,TLH_SUB,QLTA,3,12/16/2025
BLK_MAS,IGF,TLH_SUB,DVY,1,12/16/2025
BLK_MAS,IGF,TLH_SUB,IWD,2,12/16/2025
BLK_MAS,IGIB,TLH_SUB,USIG,1,12/16/2025
BLK_MAS,IGLB,TLH_SUB,ILTB,1,12/16/2025
BLK_MAS,IGLD,TLH_SUB,GLDM,1,12/16/2025
BLK_MAS,IGM,TLH_SUB,IYW,1,12/16/2025
BLK_MAS,IGOV,TLH_SUB,BWX,1,12/16/2025
BLK_MAS,IGRO,TLH_SUB,IQLT,1,12/16/2025
BLK_MAS,IGSB,TLH_SUB,SPSB,1,12/16/2025
BLK_MAS,IHI,TLH_SUB,IYH,1,12/16/2025
BLK_MAS,IHI,TLH_SUB,IBB,2,12/16/2025
BLK_MAS,IJH,TLH_SUB,IWR,1,12/16/2025
BLK_MAS,IJR,TLH_SUB,IJT,1,12/16/2025
BLK_MAS,IJS,TLH_SUB,ISCV,1,12/16/2025
BLK_MAS,IJT,TLH_SUB,IJR,1,12/16/2025
BLK_MAS,IMCB,TLH_SUB,IJH,1,12/16/2025
BLK_MAS,INMU,TLH_SUB,MUB,1,12/16/2025
BLK_MAS,INMU,TLH_SUB,VTEI,2,12/16/2025
BLK_MAS,INMU,TLH_SUB,ITM,3,12/16/2025
BLK_MAS,INRO,TLH_SUB,IVV,1,12/16/2025
BLK_MAS,INTF,TLH_SUB,IDEV,1,12/16/2025
BLK_MAS,IPAC,TLH_SUB,EWJ,1,12/16/2025
BLK_MAS,IQDG,TLH_SUB,DNL,1,12/16/2025
BLK_MAS,IQLT,TLH_SUB,IDHQ,1,12/16/2025
BLK_MAS,ISCG,TLH_SUB,IWO,1,12/16/2025
BLK_MAS,ISCG,TLH_SUB,IWM,2,12/16/2025
BLK_MAS,ISTB,TLH_SUB,IGSB,1,12/16/2025
BLK_MAS,ITA,TLH_SUB,IYJ,1,12/16/2025
BLK_MAS,ITB,TLH_SUB,XHB,1,12/16/2025
BLK_MAS,ITOT,TLH_SUB,FNDB,1,12/16/2025
BLK_MAS,IUSB,TLH_SUB,SCHZ,1,12/16/2025
BLK_MAS,IUSB,TLH_SUB,GBF,2,12/16/2025
BLK_MAS,IUSG,TLH_SUB,IWY,1,12/16/2025
BLK_MAS,IUSV,TLH_SUB,IWX,1,12/16/2025
BLK_MAS,IVE,TLH_SUB,ILCV,1,12/16/2025
BLK_MAS,IVLU,TLH_SUB,EFV,1,12/16/2025
BLK_MAS,IVV,TLH_SUB,OEF,1,12/16/2025
BLK_MAS,IVV,TLH_SUB,LRGF,2,12/16/2025
BLK_MAS,IVV,TLH_SUB,DIVB,3,12/16/2025
BLK_MAS,IVVB,TLH_SUB,QUAL,1,12/16/2025
BLK_MAS,IVVB,TLH_SUB,LRGF,2,12/16/2025
BLK_MAS,IVW,TLH_SUB,OEF,1,12/16/2025
BLK_MAS,IVW,TLH_SUB,MTUM,2,12/16/2025
BLK_MAS,IVW,TLH_SUB,IWB,3,12/16/2025
BLK_MAS,IWB,TLH_SUB,URTH,1,12/16/2025
BLK_MAS,IWD,TLH_SUB,IWX,1,12/16/2025
BLK_MAS,IWF,TLH_SUB,OEF,1,12/16/2025
BLK_MAS,IWF,TLH_SUB,MTUM,2,12/16/2025
BLK_MAS,IWM,TLH_SUB,ISCB,1,12/16/2025
BLK_MAS,IWO,TLH_SUB,ISCG,1,12/16/2025
BLK_MAS,IWP,TLH_SUB,IMCG,1,12/16/2025
BLK_MAS,IWR,TLH_SUB,IMCG,1,12/16/2025
BLK_MAS,IWS,TLH_SUB,IMCV,1,12/16/2025
BLK_MAS,IWV,TLH_SUB,URTH,1,12/16/2025
BLK_MAS,IWX,TLH_SUB,IWD,1,12/16/2025
BLK_MAS,IWY,TLH_SUB,IUSG,1,12/16/2025
BLK_MAS,IXC,TLH_SUB,IYE,1,12/16/2025
BLK_MAS,IXC,TLH_SUB,XLE,2,12/16/2025
BLK_MAS,IXG,TLH_SUB,IYF,1,12/16/2025
BLK_MAS,IXN,TLH_SUB,IYW,1,12/16/2025
BLK_MAS,IXUS,TLH_SUB,TLTD,1,12/16/2025
BLK_MAS,IYE,TLH_SUB,IGE,1,12/16/2025
BLK_MAS,IYF,TLH_SUB,IYG,1,12/16/2025
BLK_MAS,IYG,TLH_SUB,IYF,1,12/16/2025
BLK_MAS,IYH,TLH_SUB,IXJ,1,12/16/2025
BLK_MAS,IYJ,TLH_SUB,EXI,1,12/16/2025
BLK_MAS,IYR,TLH_SUB,REET,1,12/16/2025
BLK_MAS,IYR,TLH_SUB,REZ,2,12/16/2025
BLK_MAS,IYT,TLH_SUB,XTN,1,12/16/2025
BLK_MAS,IYW,TLH_SUB,IGM,1,12/16/2025
BLK_MAS,JAAA,TLH_SUB,FLTR,1,12/16/2025
BLK_MAS,JAVA,TLH_SUB,SCHV,1,12/16/2025
BLK_MAS,JBND,TLH_SUB,SPAB,1,12/16/2025
BLK_MAS,JBND,TLH_SUB,BND,2,12/16/2025
BLK_MAS,JCPB,TLH_SUB,BND,1,12/16/2025
BLK_MAS,JEPI,TLH_SUB,FVD,1,12/16/2025
BLK_MAS,JEPQ,TLH_SUB,IWY,1,12/16/2025
BLK_MAS,JGRO,TLH_SUB,NULG,1,12/16/2025
BLK_MAS,JGRO,TLH_SUB,QQMG,2,12/16/2025
BLK_MAS,JIG,TLH_SUB,EFG,1,12/16/2025
BLK_MAS,JIRE,TLH_SUB,VEA,1,12/16/2025
BLK_MAS,JIRE,TLH_SUB,BBIN,2,12/16/2025
BLK_MAS,JMBS,TLH_SUB,VMBS,1,12/16/2025
BLK_MAS,JMOM,TLH_SUB,FDMO,1,12/16/2025
BLK_MAS,JMST,TLH_SUB,MEAR,1,12/16/2025
BLK_MAS,JMTG,TLH_SUB,BND,1,12/16/2025
BLK_MAS,JMTG,TLH_SUB,SCHZ,2,12/16/2025
BLK_MAS,JMUB,TLH_SUB,VTEB,1,12/16/2025
BLK_MAS,JNK,TLH_SUB,SPHY,1,12/16/2025
BLK_MAS,JPIN,TLH_SUB,VEA,1,12/16/2025
BLK_MAS,JPME,TLH_SUB,JPUS,1,12/16/2025
BLK_MAS,JPST,TLH_SUB,ICSH,1,12/16/2025
BLK_MAS,JQUA,TLH_SUB,QUAL,1,12/16/2025
BLK_MAS,JVAL,TLH_SUB,VLU,1,12/16/2025
BLK_MAS,KBWY,TLH_SUB,VNQ,1,12/16/2025
BLK_MAS,KBWY,TLH_SUB,RWR,2,12/16/2025
BLK_MAS,KXI,TLH_SUB,IYK,1,12/16/2025
BLK_MAS,LCTD,TLH_SUB,ESGD,1,12/16/2025
BLK_MAS,LCTD,TLH_SUB,DMXF,2,12/16/2025
BLK_MAS,LCTD,TLH_SUB,CRBN,3,12/16/2025
BLK_MAS,LCTU,TLH_SUB,XVV,1,12/16/2025
BLK_MAS,LEMB,TLH_SUB,EBND,1,12/16/2025
BLK_MAS,LGLV,TLH_SUB,USMV,1,12/16/2025
BLK_MAS,LGOV,TLH_SUB,GOVI,1,12/16/2025
BLK_MAS,LMBS,TLH_SUB,SPSB,1,12/16/2025
BLK_MAS,LQD,TLH_SUB,USIG,1,12/16/2025
BLK_MAS,LQDH,TLH_SUB,IGBH,1,12/16/2025
BLK_MAS,LQDW,TLH_SUB,IGIB,1,12/16/2025
BLK_MAS,LQDW,TLH_SUB,USIG,2,12/16/2025
BLK_MAS,LRGF,TLH_SUB,ITOT,1,12/16/2025
BLK_MAS,LRGF,TLH_SUB,IVV,2,12/16/2025
BLK_MAS,LVHD,TLH_SUB,VYM,1,12/16/2025
BLK_MAS,HIMU,TLH_SUB,MUB,3,12/16/2025
BLK_MAS,MBB,TLH_SUB,GNMA,1,12/16/2025
BLK_MAS,MBB,TLH_SUB,VMBS,2,12/16/2025
BLK_MAS,MBS,TLH_SUB,BND,1,12/16/2025
BLK_MAS,MEAR,TLH_SUB,JMST,1,12/16/2025
BLK_MAS,MGC,TLH_SUB,XLG,1,12/16/2025
BLK_MAS,MGK,TLH_SUB,VOOG,1,12/16/2025
BLK_MAS,MGOV,TLH_SUB,SPAB,1,12/16/2025
BLK_MAS,MGV,TLH_SUB,ILCV,1,12/16/2025
BLK_MAS,MINT,TLH_SUB,FLDR,1,12/16/2025
BLK_MAS,MINT,TLH_SUB,FLRN,2,12/16/2025
BLK_MAS,MLN,TLH_SUB,PZA,1,12/16/2025
BLK_MAS,MLN,TLH_SUB,TFI,2,12/16/2025
BLK_MAS,MLPA,TLH_SUB,USAI,1,12/16/2025
BLK_MAS,MMIT,TLH_SUB,VTEB,1,12/16/2025
BLK_MAS,MNA,TLH_SUB,ARB,1,12/16/2025
BLK_MAS,MOAT,TLH_SUB,TILT,1,12/16/2025
BLK_MAS,MTBA,TLH_SUB,SPMB,1,12/16/2025
BLK_MAS,MTUM,TLH_SUB,DYNF,1,12/16/2025
BLK_MAS,MTUM,TLH_SUB,IUSG,2,12/16/2025
BLK_MAS,MTUM,TLH_SUB,IVW,3,12/16/2025
BLK_MAS,MUB,TLH_SUB,VTEB,1,12/16/2025
BLK_MAS,MUB,TLH_SUB,PZA,2,12/16/2025
BLK_MAS,MUB,TLH_SUB,SCMB,3,12/16/2025
BLK_MAS,MUNI,TLH_SUB,SMMU,1,12/16/2025
BLK_MAS,MUNI,TLH_SUB,VTEB,2,12/16/2025
BLK_MAS,NEAR,TLH_SUB,ICSH,1,12/16/2025
BLK_MAS,PWRD,TLH_SUB,ICLN,1,12/16/2025
BLK_MAS,NOBL,TLH_SUB,PFM,1,12/16/2025
BLK_MAS,NUBD,TLH_SUB,VCEB,1,12/16/2025
BLK_MAS,NUHY,TLH_SUB,HYXF,1,12/16/2025
BLK_MAS,OEF,TLH_SUB,IVV,1,12/16/2025
BLK_MAS,OEF,TLH_SUB,IWB,2,12/16/2025
BLK_MAS,OMFL,TLH_SUB,RSP,1,12/16/2025
BLK_MAS,OSEA,TLH_SUB,CVIE,1,12/16/2025
BLK_MAS,OVB,TLH_SUB,IMTB,1,12/16/2025
BLK_MAS,OVF,TLH_SUB,IEFA,1,12/16/2025
BLK_MAS,OVL,TLH_SUB,ITOT,1,12/16/2025
BLK_MAS,OVS,TLH_SUB,SPSM,1,12/16/2025
BLK_MAS,OVT,TLH_SUB,SPIB,1,12/16/2025
BLK_MAS,PAVE,TLH_SUB,IFRA,1,12/16/2025
BLK_MAS,PBTP,TLH_SUB,BSV,1,12/16/2025
BLK_MAS,PCRB,TLH_SUB,NUBD,1,12/16/2025
BLK_MAS,PCY,TLH_SUB,VWOB,1,12/16/2025
BLK_MAS,PDBC,TLH_SUB,COMT,1,12/16/2025
BLK_MAS,PFF,TLH_SUB,PFFD,1,12/16/2025
BLK_MAS,PFIG,TLH_SUB,SPIB,1,12/16/2025
BLK_MAS,PFIG,TLH_SUB,SKOR,2,12/16/2025
BLK_MAS,PHYL,TLH_SUB,HYLB,1,12/16/2025
BLK_MAS,PHYL,TLH_SUB,SPHY,2,12/16/2025
BLK_MAS,PIFI,TLH_SUB,GVI,1,12/16/2025
BLK_MAS,PPA,TLH_SUB,XAR,1,12/16/2025
BLK_MAS,PRF,TLH_SUB,VONV,1,12/16/2025
BLK_MAS,PSEP,TLH_SUB,XYLD,1,12/16/2025
BLK_MAS,PSK,TLH_SUB,PFF,1,12/16/2025
BLK_MAS,PTLC,TLH_SUB,CFO,1,12/16/2025
BLK_MAS,PULS,TLH_SUB,FLRN,1,12/16/2025
BLK_MAS,PULS,TLH_SUB,BILS,2,12/16/2025
BLK_MAS,PVAL,TLH_SUB,SCHV,1,12/16/2025
BLK_MAS,PVAL,TLH_SUB,VONV,2,12/16/2025
BLK_MAS,PWV,TLH_SUB,SCHV,1,12/16/2025
BLK_MAS,PWV,TLH_SUB,VONV,2,12/16/2025
BLK_MAS,PWZ,TLH_SUB,CMF,1,12/16/2025
BLK_MAS,PWZ,TLH_SUB,PZA,2,12/16/2025
BLK_MAS,PYLD,TLH_SUB,SPIB,1,12/16/2025
BLK_MAS,PZA,TLH_SUB,TFI,1,12/16/2025
BLK_MAS,PZA,TLH_SUB,MLN,2,12/16/2025
BLK_MAS,QDF,TLH_SUB,FNDX,1,12/16/2025
BLK_MAS,QEMM,TLH_SUB,GEM,1,12/16/2025
BLK_MAS,QHY,TLH_SUB,HYLB,1,12/16/2025
BLK_MAS,QHY,TLH_SUB,SPHY,2,12/16/2025
BLK_MAS,QLTA,TLH_SUB,LQD,1,12/16/2025
BLK_MAS,QLTA,TLH_SUB,USIG,2,12/16/2025
BLK_MAS,QQEW,TLH_SUB,IGM,1,12/16/2025
BLK_MAS,QQQ,TLH_SUB,IETC,1,12/16/2025
BLK_MAS,QQQM,TLH_SUB,VUG,1,12/16/2025
BLK_MAS,QQQM,TLH_SUB,MGK,2,12/16/2025
BLK_MAS,QUAL,TLH_SUB,IWB,1,12/16/2025
BLK_MAS,RDVY,TLH_SUB,DIVB,1,12/16/2025
BLK_MAS,REET,TLH_SUB,USRT,1,12/16/2025
BLK_MAS,RING,TLH_SUB,SLVP,1,12/16/2025
BLK_MAS,RODM,TLH_SUB,DEEF,1,12/16/2025
BLK_MAS,RSP,TLH_SUB,GSEW,1,12/16/2025
BLK_MAS,RSP,TLH_SUB,JHML,2,12/16/2025
BLK_MAS,RSPG,TLH_SUB,VDE,1,12/16/2025
BLK_MAS,RSPH,TLH_SUB,VHT,1,12/16/2025
BLK_MAS,RSPT,TLH_SUB,XT,1,12/16/2025
BLK_MAS,RSPT,TLH_SUB,VGT,2,12/16/2025
BLK_MAS,RSPT,TLH_SUB,FTEC,3,12/16/2025
BLK_MAS,SCHA,TLH_SUB,VB,1,12/16/2025
BLK_MAS,SCHB,TLH_SUB,QLC,1,12/16/2025
BLK_MAS,SCHD,TLH_SUB,HDV,1,12/16/2025
BLK_MAS,SCHD,TLH_SUB,VYM,2,12/16/2025
BLK_MAS,SCHD,TLH_SUB,VTV,3,12/16/2025
BLK_MAS,SCHE,TLH_SUB,SPEM,1,12/16/2025
BLK_MAS,SCHF,TLH_SUB,GSIE,1,12/16/2025
BLK_MAS,SCHG,TLH_SUB,XLG,1,12/16/2025
BLK_MAS,SCHI,TLH_SUB,CORP,1,12/16/2025
BLK_MAS,SCHJ,TLH_SUB,SLQD,1,12/16/2025
BLK_MAS,SCHM,TLH_SUB,JHMM,1,12/16/2025
BLK_MAS,SCHO,TLH_SUB,SHY,1,12/16/2025
BLK_MAS,SCHP,TLH_SUB,STPZ,1,12/16/2025
BLK_MAS,SCHQ,TLH_SUB,TLT,1,12/16/2025
BLK_MAS,SCHR,TLH_SUB,IEI,1,12/16/2025
BLK_MAS,SCHV,TLH_SUB,MGV,1,12/16/2025
BLK_MAS,SCHX,TLH_SUB,XLG,1,12/16/2025
BLK_MAS,SCHY,TLH_SUB,HDEF,1,12/16/2025
BLK_MAS,SCHZ,TLH_SUB,BIV,1,12/16/2025
BLK_MAS,SCMB,TLH_SUB,MUB,1,12/16/2025
BLK_MAS,SCMB,TLH_SUB,VTEB,2,12/16/2025
BLK_MAS,SDVY,TLH_SUB,SLYV,1,12/16/2025
BLK_MAS,SFY,TLH_SUB,SPYG,1,12/16/2025
BLK_MAS,SGOV,TLH_SUB,TFLO,1,12/16/2025
BLK_MAS,SGOV,TLH_SUB,SHV,2,12/16/2025
BLK_MAS,SHLD,TLH_SUB,XAR,1,12/16/2025
BLK_MAS,SHM,TLH_SUB,SMB,1,12/16/2025
BLK_MAS,SHV,TLH_SUB,ICSH,1,12/16/2025
BLK_MAS,SHY,TLH_SUB,SHV,1,12/16/2025
BLK_MAS,SHY,TLH_SUB,ISTB,2,12/16/2025
BLK_MAS,SHYD,TLH_SUB,HYMB,1,12/16/2025
BLK_MAS,SHYG,TLH_SUB,SJNK,1,12/16/2025
BLK_MAS,SIHY,TLH_SUB,SPHY,1,12/16/2025
BLK_MAS,SIHY,TLH_SUB,HYLB,2,12/16/2025
BLK_MAS,SIVR,TLH_SUB,SLV,1,12/16/2025
BLK_MAS,SIZE,TLH_SUB,IWR,1,12/16/2025
BLK_MAS,SJNK,TLH_SUB,USHY,1,12/16/2025
BLK_MAS,SKOR,TLH_SUB,SPIB,1,12/16/2025
BLK_MAS,SLV,TLH_SUB,SIL,1,12/16/2025
BLK_MAS,SLYG,TLH_SUB,IJR,1,12/16/2025
BLK_MAS,SMDV,TLH_SUB,REGL,1,12/16/2025
BLK_MAS,SMH,TLH_SUB,XSD,1,12/16/2025
BLK_MAS,SMIG,TLH_SUB,SMMD,1,12/16/2025
BLK_MAS,SMLF,TLH_SUB,IJR,1,12/16/2025
BLK_MAS,SMMU,TLH_SUB,SUB,1,12/16/2025
BLK_MAS,SOXX,TLH_SUB,IYW,1,12/16/2025
BLK_MAS,SOXX,TLH_SUB,IGM,2,12/16/2025
BLK_MAS,SPAB,TLH_SUB,BIV,1,12/16/2025
BLK_MAS,SPBO,TLH_SUB,CORP,1,12/16/2025
BLK_MAS,SPDW,TLH_SUB,IXUS,1,12/16/2025
BLK_MAS,SPEM,TLH_SUB,IEMG,1,12/16/2025
BLK_MAS,SPGM,TLH_SUB,CWI,1,12/16/2025
BLK_MAS,SPGM,TLH_SUB,VT,2,12/16/2025
BLK_MAS,SPGP,TLH_SUB,QQQ,1,12/16/2025
BLK_MAS,SPHQ,TLH_SUB,JQUA,1,12/16/2025
BLK_MAS,SPHQ,TLH_SUB,SPY,2,12/16/2025
BLK_MAS,SPHY,TLH_SUB,HYLB,1,12/16/2025
BLK_MAS,SPIB,TLH_SUB,IGIB,1,12/16/2025
BLK_MAS,SPIP,TLH_SUB,STPZ,1,12/16/2025
BLK_MAS,SPLB,TLH_SUB,ILTB,1,12/16/2025
BLK_MAS,SPYM,TLH_SUB,OEF,1,12/16/2025
BLK_MAS,SPYM,TLH_SUB,JQUA,2,12/16/2025
BLK_MAS,SPLV,TLH_SUB,USMV,1,12/16/2025
BLK_MAS,SPMB,TLH_SUB,AGZ,1,12/16/2025
BLK_MAS,SPMD,TLH_SUB,IWR,1,12/16/2025
BLK_MAS,SPMO,TLH_SUB,JMOM,1,12/16/2025
BLK_MAS,SPSB,TLH_SUB,IGSB,1,12/16/2025
BLK_MAS,SPSM,TLH_SUB,PRFZ,1,12/16/2025
BLK_MAS,SPTI,TLH_SUB,IEI,1,12/16/2025
BLK_MAS,SPTL,TLH_SUB,TLT,1,12/16/2025
BLK_MAS,SPTM,TLH_SUB,JQUA,1,12/16/2025
BLK_MAS,SPTS,TLH_SUB,SHY,1,12/16/2025
BLK_MAS,SPY,TLH_SUB,OEF,1,12/16/2025
BLK_MAS,SPY,TLH_SUB,JQUA,2,12/16/2025
BLK_MAS,SPYD,TLH_SUB,DVY,1,12/16/2025
BLK_MAS,SPYG,TLH_SUB,SCHG,1,12/16/2025
BLK_MAS,SPYM,TLH_SUB,JMOM,3,12/16/2025
BLK_MAS,SPYV,TLH_SUB,VONV,1,12/16/2025
BLK_MAS,SPYX,TLH_SUB,SUSA,1,12/16/2025
BLK_MAS,SPYX,TLH_SUB,USSG,2,12/16/2025
BLK_MAS,STIP,TLH_SUB,TIP,1,12/16/2025
BLK_MAS,STIP,TLH_SUB,ISTB,2,12/16/2025
BLK_MAS,SUB,TLH_SUB,SHM,1,12/16/2025
BLK_MAS,SUSA,TLH_SUB,SUSL,1,12/16/2025
BLK_MAS,SUSA,TLH_SUB,ESGU,2,12/16/2025
BLK_MAS,SUSB,TLH_SUB,SLQD,1,12/16/2025
BLK_MAS,SUSC,TLH_SUB,LQD,1,12/16/2025
BLK_MAS,SUSL,TLH_SUB,ESGU,1,12/16/2025
BLK_MAS,SYSB,TLH_SUB,GVI,1,12/16/2025
BLK_MAS,TAXF,TLH_SUB,VTEB,1,12/16/2025
BLK_MAS,TECB,TLH_SUB,IGM,1,12/16/2025
BLK_MAS,TECL,TLH_SUB,TQQQ,1,12/16/2025
BLK_MAS,TFI,TLH_SUB,ITM,1,12/16/2025
BLK_MAS,TFLO,TLH_SUB,SGOV,1,12/16/2025
BLK_MAS,TFLO,TLH_SUB,SHV,2,12/16/2025
BLK_MAS,THRO,TLH_SUB,IWL,1,12/16/2025
BLK_MAS,TIP,TLH_SUB,STIP,1,12/16/2025
BLK_MAS,TIP,TLH_SUB,IUSB,2,12/16/2025
BLK_MAS,TIPX,TLH_SUB,SCHP,1,12/16/2025
BLK_MAS,TIPX,TLH_SUB,SPIP,2,12/16/2025
BLK_MAS,TLH,TLH_SUB,TLT,1,12/16/2025
BLK_MAS,TLH,TLH_SUB,ILTB,2,12/16/2025
BLK_MAS,TLH,TLH_SUB,IEF,3,12/16/2025
BLK_MAS,TLT,TLH_SUB,TLH,1,12/16/2025
BLK_MAS,TSPA,TLH_SUB,JHML,1,12/16/2025
BLK_MAS,TSPA,TLH_SUB,SPHQ,2,12/16/2025
BLK_MAS,ABFL,TLH_SUB,FQAL,1,12/16/2025
BLK_MAS,ABLG,TLH_SUB,IQLT,1,12/16/2025
BLK_MAS,UBND,TLH_SUB,BND,1,12/16/2025
BLK_MAS,UCON,TLH_SUB,FIXD,1,12/16/2025
BLK_MAS,URA,TLH_SUB,URNM,1,12/16/2025
BLK_MAS,URTH,TLH_SUB,SPGM,1,12/16/2025
BLK_MAS,USFR,TLH_SUB,TFLO,1,12/16/2025
BLK_MAS,USHY,TLH_SUB,HYG,1,12/16/2025
BLK_MAS,USIG,TLH_SUB,LQD,1,12/16/2025
BLK_MAS,USMV,TLH_SUB,IWB,1,12/16/2025
BLK_MAS,USRT,TLH_SUB,VNQ,1,12/16/2025
BLK_MAS,USXF,TLH_SUB,SUSL,1,12/16/2025
BLK_MAS,VB,TLH_SUB,SCHA,1,12/16/2025
BLK_MAS,VBK,TLH_SUB,VTWG,1,12/16/2025
BLK_MAS,VBR,TLH_SUB,VTWV,1,12/16/2025
BLK_MAS,VCIT,TLH_SUB,SPIB,1,12/16/2025
BLK_MAS,VCLT,TLH_SUB,BLV,1,12/16/2025
BLK_MAS,VCRB,TLH_SUB,SCHZ,1,12/16/2025
BLK_MAS,VCRB,TLH_SUB,SPAB,2,12/16/2025
BLK_MAS,VCSH,TLH_SUB,FLTB,1,12/16/2025
BLK_MAS,VEA,TLH_SUB,EFA,1,12/16/2025
BLK_MAS,VEGA,TLH_SUB,BAUG,1,12/16/2025
BLK_MAS,VEU,TLH_SUB,IDEV,1,12/16/2025
BLK_MAS,VFH,TLH_SUB,SPMD,1,12/16/2025
BLK_MAS,VFMO,TLH_SUB,MDYG,1,12/16/2025
BLK_MAS,VGIT,TLH_SUB,GOVT,1,12/16/2025
BLK_MAS,VGLT,TLH_SUB,BLV,1,12/16/2025
BLK_MAS,VGT,TLH_SUB,QQQ,1,12/16/2025
BLK_MAS,VIG,TLH_SUB,DGRW,1,12/16/2025
BLK_MAS,VIGI,TLH_SUB,VXUS,1,12/16/2025
BLK_MAS,VLUE,TLH_SUB,IWD,1,12/16/2025
BLK_MAS,VMBS,TLH_SUB,MBB,1,12/16/2025
BLK_MAS,VNQ,TLH_SUB,BBRE,1,12/16/2025
BLK_MAS,VNQI,TLH_SUB,VXUS,1,12/16/2025
BLK_MAS,VO,TLH_SUB,IWR,1,12/16/2025
BLK_MAS,VONG,TLH_SUB,JMOM,1,12/16/2025
BLK_MAS,VONG,TLH_SUB,VGT,2,12/16/2025
BLK_MAS,VOO,TLH_SUB,XLG,1,12/16/2025
BLK_MAS,VOTE,TLH_SUB,JUST,1,12/16/2025
BLK_MAS,VPU,TLH_SUB,VONV,1,12/16/2025
BLK_MAS,VPU,TLH_SUB,SCHV,2,12/16/2025
BLK_MAS,VSGX,TLH_SUB,EFAX,1,12/16/2025
BLK_MAS,VSLU,TLH_SUB,DUHP,1,12/16/2025
BLK_MAS,VSS,TLH_SUB,SCHC,1,12/16/2025
BLK_MAS,VT,TLH_SUB,SPGM,1,12/16/2025
BLK_MAS,VTC,TLH_SUB,VCIT,1,12/16/2025
BLK_MAS,VTEB,TLH_SUB,MUB,1,12/16/2025
BLK_MAS,VTEB,TLH_SUB,ITM,2,12/16/2025
BLK_MAS,VTEI,TLH_SUB,VTEB,1,12/16/2025
BLK_MAS,VTEI,TLH_SUB,SCMB,2,12/16/2025
BLK_MAS,VTIP,TLH_SUB,STPZ,1,12/16/2025
BLK_MAS,VTV,TLH_SUB,IWX,1,12/16/2025
BLK_MAS,VUG,TLH_SUB,RPG,1,12/16/2025
BLK_MAS,VV,TLH_SUB,XLG,1,12/16/2025
BLK_MAS,VWO,TLH_SUB,SPEM,1,12/16/2025
BLK_MAS,VWOB,TLH_SUB,EMB,1,12/16/2025
BLK_MAS,VXF,TLH_SUB,SPMD,1,12/16/2025
BLK_MAS,VXF,TLH_SUB,SCHM,2,12/16/2025
BLK_MAS,VYM,TLH_SUB,SDY,1,12/16/2025
BLK_MAS,VYMI,TLH_SUB,HDEF,1,12/16/2025
BLK_MAS,WCLD,TLH_SUB,CLOU,1,12/16/2025
BLK_MAS,XAR,TLH_SUB,SHLD,1,12/16/2025
BLK_MAS,XCEM,TLH_SUB,EMXC,1,12/16/2025
BLK_MAS,XJR,TLH_SUB,ESML,1,12/16/2025
BLK_MAS,XLB,TLH_SUB,IYM,1,12/16/2025
BLK_MAS,XLC,TLH_SUB,IXP,1,12/16/2025
BLK_MAS,XLE,TLH_SUB,IXC,1,12/16/2025
BLK_MAS,XLF,TLH_SUB,IYG,1,12/16/2025
BLK_MAS,XLG,TLH_SUB,BKLC,1,12/16/2025
BLK_MAS,XLI,TLH_SUB,IYJ,1,12/16/2025
BLK_MAS,XLK,TLH_SUB,QQQ,1,12/16/2025
BLK_MAS,XLP,TLH_SUB,KXI,1,12/16/2025
BLK_MAS,XLRE,TLH_SUB,VNQ,1,12/16/2025
BLK_MAS,XLU,TLH_SUB,JXI,1,12/16/2025
BLK_MAS,XLV,TLH_SUB,IXJ,1,12/16/2025
BLK_MAS,XLY,TLH_SUB,IYC,1,12/16/2025
BLK_MAS,XMHQ,TLH_SUB,IJK,1,12/16/2025
BLK_MAS,XMLV,TLH_SUB,VO,1,12/16/2025
BLK_MAS,XMLV,TLH_SUB,MDY,2,12/16/2025
BLK_MAS,XNTK,TLH_SUB,IXN,1,12/16/2025
BLK_MAS,XSOE,TLH_SUB,IEMG,1,12/16/2025
BLK_MAS,XT,TLH_SUB,IXN,1,12/16/2025
BLK_MAS,XTEN,TLH_SUB,VGLT,1,12/16/2025
BLK_MAS,XTEN,TLH_SUB,SPTL,2,12/16/2025
BLK_MAS,YLD,TLH_SUB,SPHY,1,12/16/2025
BLK_MAS,YLD,TLH_SUB,HYLB,2,12/16/2025
BLK_MAS,AAAU,TLH_SUB,GLDM,1,12/24/2025
BLK_MAS,ABLD,TLH_SUB,VONV,1,12/24/2025
BLK_MAS,ACWI,TLH_SUB,GLOF,1,12/24/2025
BLK_MAS,ACWV,TLH_SUB,USMV,1,12/24/2025
BLK_MAS,AGG,TLH_SUB,IUSB,1,12/24/2025
BLK_MAS,AGG,TLH_SUB,GBF,2,12/24/2025
BLK_MAS,AGGY,TLH_SUB,AGG,1,12/24/2025
BLK_MAS,AGOX,TLH_SUB,SCHB,1,12/24/2025
BLK_MAS,AGOX,TLH_SUB,VTI,2,12/24/2025
BLK_MAS,AGZ,TLH_SUB,IEI,1,12/24/2025
BLK_MAS,AIQ,TLH_SUB,FTEC,1,12/24/2025
BLK_MAS,ALAI,TLH_SUB,WTAI,1,12/24/2025
BLK_MAS,ANGL,TLH_SUB,FALN,1,12/24/2025
BLK_MAS,ARTY,TLH_SUB,IYW,1,12/24/2025
BLK_MAS,AVDE,TLH_SUB,VEA,1,12/24/2025
BLK_MAS,AVEM,TLH_SUB,SPEM,1,12/24/2025
BLK_MAS,AVIG,TLH_SUB,BIV,1,12/24/2025
BLK_MAS,AVLC,TLH_SUB,MGC,1,12/24/2025
BLK_MAS,AVLC,TLH_SUB,JMOM,2,12/24/2025
BLK_MAS,AVLV,TLH_SUB,VLU,1,12/24/2025
BLK_MAS,AVUS,TLH_SUB,SCHX,1,12/24/2025
BLK_MAS,AVUV,TLH_SUB,VFVA,1,12/24/2025
BLK_MAS,BAI,TLH_SUB,IYW,1,12/24/2025
BLK_MAS,BAI,TLH_SUB,IVW,2,12/24/2025
BLK_MAS,BAI,TLH_SUB,IWY,3,12/24/2025
BLK_MAS,BALI,TLH_SUB,USMV,1,12/24/2025
BLK_MAS,BBCB,TLH_SUB,LQD,1,12/24/2025
BLK_MAS,BBIN,TLH_SUB,VXUS,1,12/24/2025
BLK_MAS,BBIN,TLH_SUB,VEU,2,12/24/2025
BLK_MAS,BIDD,TLH_SUB,EFA,1,12/24/2025
BLK_MAS,BDVL,TLH_SUB,ACWV,1,12/24/2025
BLK_MAS,BDYN,TLH_SUB,URTH,1,12/24/2025
BLK_MAS,BILS,TLH_SUB,GBIL,1,12/24/2025
BLK_MAS,BINC,TLH_SUB,HYG,1,12/24/2025
BLK_MAS,BINC,TLH_SUB,USHY,2,12/24/2025
BLK_MAS,BIV,TLH_SUB,SCHR,1,12/24/2025
BLK_MAS,BKGI,TLH_SUB,GII,1,12/24/2025
BLK_MAS,BKGI,TLH_SUB,NFRA,2,12/24/2025
BLK_MAS,BKHY,TLH_SUB,HYG,1,12/24/2025
BLK_MAS,BKLN,TLH_SUB,SJNK,1,12/24/2025
BLK_MAS,BND,TLH_SUB,BIV,1,12/24/2025
BLK_MAS,BNDX,TLH_SUB,BNDW,1,12/24/2025
BLK_MAS,BOND,TLH_SUB,AGG,1,12/24/2025
BLK_MAS,BOND,TLH_SUB,VBND,2,12/24/2025
BLK_MAS,BRHY,TLH_SUB,USHY,1,12/24/2025
BLK_MAS,BRHY,TLH_SUB,HYG,2,12/24/2025
BLK_MAS,BRLN,TLH_SUB,HYGH,1,12/24/2025
BLK_MAS,BRTR,TLH_SUB,IUSB,1,12/24/2025
BLK_MAS,BRTR,TLH_SUB,AGG,2,12/24/2025
BLK_MAS,BSV,TLH_SUB,ISTB,1,12/24/2025
BLK_MAS,BTC,TLH_SUB,FBTC,1,12/24/2025
BLK_MAS,CALF,TLH_SUB,SLYV,1,12/24/2025
BLK_MAS,CALF,TLH_SUB,VIOV,2,12/24/2025
BLK_MAS,CEMB,TLH_SUB,EMHY,1,12/24/2025
BLK_MAS,CGBL,TLH_SUB,CGUS,1,12/24/2025
BLK_MAS,CGCP,TLH_SUB,DIAL,1,12/24/2025
BLK_MAS,CGDV,TLH_SUB,DIVB,1,12/24/2025
BLK_MAS,CGGR,TLH_SUB,IVW,1,12/24/2025
BLK_MAS,CGIC,TLH_SUB,VXUS,1,12/24/2025
BLK_MAS,CGMS,TLH_SUB,VBND,1,12/24/2025
BLK_MAS,CGMU,TLH_SUB,VTEI,1,12/24/2025
BLK_MAS,CGMU,TLH_SUB,ITM,2,12/24/2025
BLK_MAS,CGUS,TLH_SUB,IWL,1,12/24/2025
BLK_MAS,CGXU,TLH_SUB,DNL,1,12/24/2025
BLK_MAS,CIBR,TLH_SUB,BUG,1,12/24/2025
BLK_MAS,CLOA,TLH_SUB,FLTR,1,12/24/2025
BLK_MAS,CMDY,TLH_SUB,COMT,1,12/24/2025
BLK_MAS,CMF,TLH_SUB,PWZ,1,12/24/2025
BLK_MAS,CMF,TLH_SUB,VTEC,2,12/24/2025
BLK_MAS,COMT,TLH_SUB,CMDY,1,12/24/2025
BLK_MAS,COWZ,TLH_SUB,MDYV,1,12/24/2025
BLK_MAS,CPAI,TLH_SUB,SPMD,1,12/24/2025
BLK_MAS,CWB,TLH_SUB,FCVT,1,12/24/2025
BLK_MAS,DBEF,TLH_SUB,PXF,1,12/24/2025
BLK_MAS,DEM,TLH_SUB,DVYE,1,12/24/2025
BLK_MAS,DES,TLH_SUB,DGRS,1,12/24/2025
BLK_MAS,DFAC,TLH_SUB,GSEW,1,12/24/2025
BLK_MAS,DFAE,TLH_SUB,SCHE,1,12/24/2025
BLK_MAS,DFAE,TLH_SUB,SPEM,2,12/24/2025
BLK_MAS,DFAI,TLH_SUB,VXUS,1,12/24/2025
BLK_MAS,DFAS,TLH_SUB,IJR,1,12/24/2025
BLK_MAS,DFAT,TLH_SUB,VBR,1,12/24/2025
BLK_MAS,DFAU,TLH_SUB,JMOM,1,12/24/2025
BLK_MAS,DFAU,TLH_SUB,JQUA,2,12/24/2025
BLK_MAS,DFCF,TLH_SUB,BND,1,12/24/2025
BLK_MAS,DFGR,TLH_SUB,IYR,1,12/24/2025
BLK_MAS,DFIP,TLH_SUB,SPIP,1,12/24/2025
BLK_MAS,DFIS,TLH_SUB,VSS,1,12/24/2025
BLK_MAS,DFIS,TLH_SUB,SCHC,2,12/24/2025
BLK_MAS,DFIV,TLH_SUB,FNDF,1,12/24/2025
BLK_MAS,DFLV,TLH_SUB,IWD,1,12/24/2025
BLK_MAS,DFNM,TLH_SUB,VTEI,1,12/24/2025
BLK_MAS,DFNM,TLH_SUB,VTEB,2,12/24/2025
BLK_MAS,DFSV,TLH_SUB,ISCV,1,12/24/2025
BLK_MAS,DFUS,TLH_SUB,DYNF,1,12/24/2025
BLK_MAS,DFUS,TLH_SUB,LRGF,2,12/24/2025
BLK_MAS,DFUV,TLH_SUB,VLU,1,12/24/2025
BLK_MAS,DGCB,TLH_SUB,BNDW,1,12/24/2025
BLK_MAS,DGRO,TLH_SUB,DIVB,1,12/24/2025
BLK_MAS,DGRW,TLH_SUB,DGRO,1,12/24/2025
BLK_MAS,DGRW,TLH_SUB,VIG,2,12/24/2025
BLK_MAS,DGRW,TLH_SUB,JQUA,3,12/24/2025
BLK_MAS,DHS,TLH_SUB,VYM,1,12/24/2025
BLK_MAS,DIVI,TLH_SUB,HDEF,1,12/24/2025
BLK_MAS,DLN,TLH_SUB,MGV,1,12/24/2025
BLK_MAS,DMXF,TLH_SUB,ESGD,1,12/24/2025
BLK_MAS,DMXF,TLH_SUB,IEFA,2,12/24/2025
BLK_MAS,DNL,TLH_SUB,IQDG,1,12/24/2025
BLK_MAS,DON,TLH_SUB,VOE,1,12/24/2025
BLK_MAS,DON,TLH_SUB,MDYV,2,12/24/2025
BLK_MAS,DSI,TLH_SUB,SUSA,1,12/24/2025
BLK_MAS,DSTL,TLH_SUB,IVV,1,12/24/2025
BLK_MAS,DSTL,TLH_SUB,RSP,2,12/24/2025
BLK_MAS,DTH,TLH_SUB,VYMI,1,12/24/2025
BLK_MAS,DVYE,TLH_SUB,IEMG,1,12/24/2025
BLK_MAS,DXJ,TLH_SUB,FLJH,1,12/24/2025
BLK_MAS,DXJ,TLH_SUB,DBJP,2,12/24/2025
BLK_MAS,DYNF,TLH_SUB,ITOT,1,12/24/2025
BLK_MAS,DYNF,TLH_SUB,IWV,2,12/24/2025
BLK_MAS,EAGG,TLH_SUB,SUSC,1,12/24/2025
BLK_MAS,EAGG,TLH_SUB,EUSB,2,12/24/2025
BLK_MAS,EAGG,TLH_SUB,AGG,3,12/24/2025
BLK_MAS,EDIV,TLH_SUB,FNDE,1,12/24/2025
BLK_MAS,EDIV,TLH_SUB,DEM,2,12/24/2025
BLK_MAS,EELV,TLH_SUB,EEMV,1,12/24/2025
BLK_MAS,EEM,TLH_SUB,SPEM,1,12/24/2025
BLK_MAS,EEMV,TLH_SUB,EEM,1,12/24/2025
BLK_MAS,EFA,TLH_SUB,IEUR,1,12/24/2025
BLK_MAS,EFAD,TLH_SUB,IDHQ,1,12/24/2025
BLK_MAS,EFAV,TLH_SUB,IEFA,1,12/24/2025
BLK_MAS,EFG,TLH_SUB,IEV,1,12/24/2025
BLK_MAS,EFIV,TLH_SUB,ESGU,1,12/24/2025
BLK_MAS,EFV,TLH_SUB,IVLU,1,12/24/2025
BLK_MAS,EMB,TLH_SUB,VWOB,1,12/24/2025
BLK_MAS,EMGF,TLH_SUB,IEMG,1,12/24/2025
BLK_MAS,EMHY,TLH_SUB,HYEM,1,12/24/2025
BLK_MAS,EMLC,TLH_SUB,EBND,1,12/24/2025
BLK_MAS,EMNT,TLH_SUB,ICSH,1,12/24/2025
BLK_MAS,EMXC,TLH_SUB,EEM,1,12/24/2025
BLK_MAS,EMXC,TLH_SUB,IEMG,2,12/24/2025
BLK_MAS,EPI,TLH_SUB,FLIN,1,12/24/2025
BLK_MAS,EPI,TLH_SUB,NFTY,2,12/24/2025
BLK_MAS,HEDG,TLH_SUB,XYLD,1,12/24/2025
BLK_MAS,ESGD,TLH_SUB,DMXF,1,12/24/2025
BLK_MAS,ESGD,TLH_SUB,NUDM,2,12/24/2025
BLK_MAS,ESGE,TLH_SUB,LDEM,1,12/24/2025
BLK_MAS,ESGE,TLH_SUB,NUEM,2,12/24/2025
BLK_MAS,ESGU,TLH_SUB,SUSL,1,12/24/2025
BLK_MAS,ESGV,TLH_SUB,ESGU,1,12/24/2025
BLK_MAS,ESGV,TLH_SUB,SNPE,2,12/24/2025
BLK_MAS,ESGV,TLH_SUB,EFIV,3,12/24/2025
BLK_MAS,ESML,TLH_SUB,SMMD,1,12/24/2025
BLK_MAS,ETH,TLH_SUB,ETHE,1,12/24/2025
BLK_MAS,EUFN,TLH_SUB,IXG,1,12/24/2025
BLK_MAS,EUSA,TLH_SUB,ITOT,1,12/24/2025
BLK_MAS,EUSA,TLH_SUB,IVV,2,12/24/2025
BLK_MAS,EUSB,TLH_SUB,EAGG,1,12/24/2025
BLK_MAS,EUSB,TLH_SUB,IUSB,2,12/24/2025
BLK_MAS,EVMO,TLH_SUB,VMBS,1,12/24/2025
BLK_MAS,EVTR,TLH_SUB,SCHZ,1,12/24/2025
BLK_MAS,EVTR,TLH_SUB,BND,2,12/24/2025
BLK_MAS,EVUS,TLH_SUB,ESGU,1,12/24/2025
BLK_MAS,EVUS,TLH_SUB,XVV,2,12/24/2025
BLK_MAS,FALN,TLH_SUB,USHY,1,12/24/2025
BLK_MAS,FALN,TLH_SUB,HYBB,2,12/24/2025
BLK_MAS,FBCG,TLH_SUB,QQQ,1,12/24/2025
BLK_MAS,FBCV,TLH_SUB,MGV,1,12/24/2025
BLK_MAS,FBND,TLH_SUB,BOND,1,12/24/2025
BLK_MAS,FCOR,TLH_SUB,SPBO,1,12/24/2025
BLK_MAS,FCVT,TLH_SUB,CWB,1,12/24/2025
BLK_MAS,FDEM,TLH_SUB,SPEM,1,12/24/2025
BLK_MAS,FDEM,TLH_SUB,VWO,2,12/24/2025
BLK_MAS,FDEV,TLH_SUB,SCHF,1,12/24/2025
BLK_MAS,FDHY,TLH_SUB,HYLB,1,12/24/2025
BLK_MAS,FDL,TLH_SUB,HDV,1,12/24/2025
BLK_MAS,FDLO,TLH_SUB,INCE,1,12/24/2025
BLK_MAS,FDMO,TLH_SUB,JMOM,1,12/24/2025
BLK_MAS,FDRR,TLH_SUB,DTD,1,12/24/2025
BLK_MAS,FDVV,TLH_SUB,VONV,1,12/24/2025
BLK_MAS,FEM,TLH_SUB,DGS,1,12/24/2025
BLK_MAS,FENY,TLH_SUB,FTXN,1,12/24/2025
BLK_MAS,FESM,TLH_SUB,VTWO,1,12/24/2025
BLK_MAS,FESM,TLH_SUB,SPSM,2,12/24/2025
BLK_MAS,FEZ,TLH_SUB,EZU,1,12/24/2025
BLK_MAS,FGDL,TLH_SUB,GLDM,1,12/24/2025
BLK_MAS,FHLC,TLH_SUB,RSPH,1,12/24/2025
BLK_MAS,FIDI,TLH_SUB,HDEF,1,12/24/2025
BLK_MAS,FIDI,TLH_SUB,VYMI,2,12/24/2025
BLK_MAS,FIXD,TLH_SUB,BIV,1,12/24/2025
BLK_MAS,FLBL,TLH_SUB,BKLN,1,12/24/2025
BLK_MAS,FLMI,TLH_SUB,VTEB,1,12/24/2025
BLK_MAS,FLOT,TLH_SUB,NEAR,1,12/24/2025
BLK_MAS,FLQL,TLH_SUB,SCHX,1,12/24/2025
BLK_MAS,FLQL,TLH_SUB,SPTM,2,12/24/2025
BLK_MAS,FLRN,TLH_SUB,NEAR,1,12/24/2025
BLK_MAS,FMB,TLH_SUB,VTEB,1,12/24/2025
BLK_MAS,FMB,TLH_SUB,SCMB,2,12/24/2025
BLK_MAS,FMHI,TLH_SUB,HYMB,1,12/24/2025
BLK_MAS,FNDE,TLH_SUB,SCHE,1,12/24/2025
BLK_MAS,FNDF,TLH_SUB,VYMI,1,12/24/2025
BLK_MAS,FNDF,TLH_SUB,HDEF,2,12/24/2025
BLK_MAS,FNDX,TLH_SUB,VONV,1,12/24/2025
BLK_MAS,FNDX,TLH_SUB,SCHV,2,12/24/2025
BLK_MAS,FPE,TLH_SUB,VRP,1,12/24/2025
BLK_MAS,FQAL,TLH_SUB,SPY,1,12/24/2025
BLK_MAS,FRDM,TLH_SUB,NUEM,1,12/24/2025
BLK_MAS,FSMB,TLH_SUB,SMMU,1,12/24/2025
BLK_MAS,FTEC,TLH_SUB,IGM,1,12/24/2025
BLK_MAS,FTGC,TLH_SUB,CMDY,1,12/24/2025
BLK_MAS,FTGS,TLH_SUB,JMOM,1,12/24/2025
BLK_MAS,FTSL,TLH_SUB,SRLN,1,12/24/2025
BLK_MAS,FVAL,TLH_SUB,VONV,1,12/24/2025
BLK_MAS,FVD,TLH_SUB,DIVB,1,12/24/2025
BLK_MAS,FWD,TLH_SUB,TRFM,1,12/24/2025
BLK_MAS,FXL,TLH_SUB,RSPT,1,12/24/2025
BLK_MAS,FXU,TLH_SUB,XLU,1,12/24/2025
BLK_MAS,FXU,TLH_SUB,VPU,2,12/24/2025
BLK_MAS,FYX,TLH_SUB,IJR,1,12/24/2025
BLK_MAS,GARP,TLH_SUB,ILCG,1,12/24/2025
BLK_MAS,GARP,TLH_SUB,IUSG,2,12/24/2025
BLK_MAS,GIGB,TLH_SUB,VCIT,1,12/24/2025
BLK_MAS,GLD,TLH_SUB,AAAU,1,12/24/2025
BLK_MAS,GLDM,TLH_SUB,IAU,1,12/24/2025
BLK_MAS,GOVT,TLH_SUB,IEF,1,12/24/2025
BLK_MAS,GRID,TLH_SUB,IFRA,1,12/24/2025
BLK_MAS,GSEW,TLH_SUB,VTI,1,12/24/2025
BLK_MAS,GSEW,TLH_SUB,SCHB,2,12/24/2025
BLK_MAS,GSIE,TLH_SUB,SCHF,1,12/24/2025
BLK_MAS,GTO,TLH_SUB,AGGY,1,12/24/2025
BLK_MAS,GTO,TLH_SUB,BIV,2,12/24/2025
BLK_MAS,GVI,TLH_SUB,GBF,1,12/24/2025
BLK_MAS,GVI,TLH_SUB,AGG,2,12/24/2025
BLK_MAS,HDV,TLH_SUB,IWX,1,12/24/2025
BLK_MAS,HEFA,TLH_SUB,HEZU,1,12/24/2025
BLK_MAS,HELO,TLH_SUB,SPLV,1,12/24/2025
BLK_MAS,HEZU,TLH_SUB,HEFA,1,12/24/2025
BLK_MAS,HFSI,TLH_SUB,NUBD,1,12/24/2025
BLK_MAS,HIMU,TLH_SUB,HYMB,1,12/24/2025
BLK_MAS,HIMU,TLH_SUB,HYD,2,12/24/2025
BLK_MAS,HIMU,TLH_SUB,MUB,3,12/24/2025
BLK_MAS,HMOP,TLH_SUB,VTEB,1,12/24/2025
BLK_MAS,HTRB,TLH_SUB,AGGY,1,12/24/2025
BLK_MAS,HTRB,TLH_SUB,BIV,2,12/24/2025
BLK_MAS,HYD,TLH_SUB,HYMB,1,12/24/2025
BLK_MAS,HYDB,TLH_SUB,USHY,1,12/24/2025
BLK_MAS,HYDB,TLH_SUB,FALN,2,12/24/2025
BLK_MAS,HYDB,TLH_SUB,HYBB,3,12/24/2025
BLK_MAS,HYFI,TLH_SUB,JNK,1,12/24/2025
BLK_MAS,HYFI,TLH_SUB,HYLB,2,12/24/2025
BLK_MAS,HYG,TLH_SUB,USHY,1,12/24/2025
BLK_MAS,HYGV,TLH_SUB,HYLB,1,12/24/2025
BLK_MAS,HYGV,TLH_SUB,SPHY,2,12/24/2025
BLK_MAS,HYGW,TLH_SUB,HYDB,1,12/24/2025
BLK_MAS,HYGW,TLH_SUB,FALN,2,12/24/2025
BLK_MAS,HYLB,TLH_SUB,USHY,1,12/24/2025
BLK_MAS,HYLS,TLH_SUB,JNK,1,12/24/2025
BLK_MAS,HYMB,TLH_SUB,HYD,1,12/24/2025
BLK_MAS,SHYM,TLH_SUB,HYMB,1,12/24/2025
BLK_MAS,HYXF,TLH_SUB,NUHY,1,12/24/2025
BLK_MAS,IAGG,TLH_SUB,BNDX,1,12/24/2025
BLK_MAS,IAU,TLH_SUB,AAAU,1,12/24/2025
BLK_MAS,IAUM,TLH_SUB,IAU,1,12/24/2025
BLK_MAS,IBB,TLH_SUB,IYH,1,12/24/2025
BLK_MAS,ICF,TLH_SUB,USRT,1,12/24/2025
BLK_MAS,ICLN,TLH_SUB,PBD,1,12/24/2025
BLK_MAS,ICOW,TLH_SUB,DFIV,1,12/24/2025
BLK_MAS,ICSH,TLH_SUB,NEAR,1,12/24/2025
BLK_MAS,ICVT,TLH_SUB,FCVT,1,12/24/2025
BLK_MAS,IDEV,TLH_SUB,IEUR,1,12/24/2025
BLK_MAS,IDMO,TLH_SUB,SPDW,1,12/24/2025
BLK_MAS,IDU,TLH_SUB,IGF,1,12/24/2025
BLK_MAS,IDU,TLH_SUB,DVY,2,12/24/2025
BLK_MAS,IDU,TLH_SUB,IWD,3,12/24/2025
BLK_MAS,IDVO,TLH_SUB,IDMO,1,12/24/2025
BLK_MAS,IEF,TLH_SUB,GOVT,1,12/24/2025
BLK_MAS,IEFA,TLH_SUB,EFG,1,12/24/2025
BLK_MAS,IEI,TLH_SUB,GOVT,1,12/24/2025
BLK_MAS,IEMG,TLH_SUB,EMGF,1,12/24/2025
BLK_MAS,IETC,TLH_SUB,ILCG,1,12/24/2025
BLK_MAS,IEUR,TLH_SUB,EZU,1,12/24/2025
BLK_MAS,IFRA,TLH_SUB,IGF,1,12/24/2025
BLK_MAS,IGEB,TLH_SUB,USIG,1,12/24/2025
BLK_MAS,IGEB,TLH_SUB,IGIB,2,12/24/2025
BLK_MAS,IGEB,TLH_SUB,QLTA,3,12/24/2025
BLK_MAS,IGF,TLH_SUB,DVY,1,12/24/2025
BLK_MAS,IGF,TLH_SUB,IWD,2,12/24/2025
BLK_MAS,IGIB,TLH_SUB,USIG,1,12/24/2025
BLK_MAS,IGLB,TLH_SUB,ILTB,1,12/24/2025
BLK_MAS,IGLD,TLH_SUB,GLDM,1,12/24/2025
BLK_MAS,IGM,TLH_SUB,IYW,1,12/24/2025
BLK_MAS,IGOV,TLH_SUB,BWX,1,12/24/2025
BLK_MAS,IGRO,TLH_SUB,IQLT,1,12/24/2025
BLK_MAS,IGSB,TLH_SUB,SPSB,1,12/24/2025
BLK_MAS,IHI,TLH_SUB,IYH,1,12/24/2025
BLK_MAS,IHI,TLH_SUB,IBB,2,12/24/2025
BLK_MAS,IJH,TLH_SUB,IWR,1,12/24/2025
BLK_MAS,IJR,TLH_SUB,IJT,1,12/24/2025
BLK_MAS,IJS,TLH_SUB,ISCV,1,12/24/2025
BLK_MAS,IJT,TLH_SUB,IJR,1,12/24/2025
BLK_MAS,IMCB,TLH_SUB,IJH,1,12/24/2025
BLK_MAS,INMU,TLH_SUB,MUB,1,12/24/2025
BLK_MAS,INMU,TLH_SUB,VTEI,2,12/24/2025
BLK_MAS,INMU,TLH_SUB,ITM,3,12/24/2025
BLK_MAS,INRO,TLH_SUB,IVV,1,12/24/2025
BLK_MAS,INTF,TLH_SUB,IDEV,1,12/24/2025
BLK_MAS,IPAC,TLH_SUB,EWJ,1,12/24/2025
BLK_MAS,IQDG,TLH_SUB,DNL,1,12/24/2025
BLK_MAS,IQLT,TLH_SUB,IDHQ,1,12/24/2025
BLK_MAS,ISCG,TLH_SUB,IWO,1,12/24/2025
BLK_MAS,ISCG,TLH_SUB,IWM,2,12/24/2025
BLK_MAS,ISTB,TLH_SUB,IGSB,1,12/24/2025
BLK_MAS,ITA,TLH_SUB,IYJ,1,12/24/2025
BLK_MAS,ITB,TLH_SUB,XHB,1,12/24/2025
BLK_MAS,ITOT,TLH_SUB,FNDB,1,12/24/2025
BLK_MAS,IUSB,TLH_SUB,SCHZ,1,12/24/2025
BLK_MAS,IUSB,TLH_SUB,GBF,2,12/24/2025
BLK_MAS,IUSG,TLH_SUB,IWY,1,12/24/2025
BLK_MAS,IUSV,TLH_SUB,IWX,1,12/24/2025
BLK_MAS,IVE,TLH_SUB,ILCV,1,12/24/2025
BLK_MAS,IVLU,TLH_SUB,EFV,1,12/24/2025
BLK_MAS,IVV,TLH_SUB,OEF,1,12/24/2025
BLK_MAS,IVV,TLH_SUB,LRGF,2,12/24/2025
BLK_MAS,IVV,TLH_SUB,DIVB,3,12/24/2025
BLK_MAS,IVVB,TLH_SUB,QUAL,1,12/24/2025
BLK_MAS,IVVB,TLH_SUB,LRGF,2,12/24/2025
BLK_MAS,IVW,TLH_SUB,OEF,1,12/24/2025
BLK_MAS,IVW,TLH_SUB,MTUM,2,12/24/2025
BLK_MAS,IVW,TLH_SUB,IWB,3,12/24/2025
BLK_MAS,IWB,TLH_SUB,URTH,1,12/24/2025
BLK_MAS,IWD,TLH_SUB,IWX,1,12/24/2025
BLK_MAS,IWF,TLH_SUB,OEF,1,12/24/2025
BLK_MAS,IWF,TLH_SUB,MTUM,2,12/24/2025
BLK_MAS,IWM,TLH_SUB,ISCB,1,12/24/2025
BLK_MAS,IWO,TLH_SUB,ISCG,1,12/24/2025
BLK_MAS,IWP,TLH_SUB,IMCG,1,12/24/2025
BLK_MAS,IWR,TLH_SUB,IMCG,1,12/24/2025
BLK_MAS,IWS,TLH_SUB,IMCV,1,12/24/2025
BLK_MAS,IWV,TLH_SUB,URTH,1,12/24/2025
BLK_MAS,IWX,TLH_SUB,IWD,1,12/24/2025
BLK_MAS,IWY,TLH_SUB,IUSG,1,12/24/2025
BLK_MAS,IXC,TLH_SUB,IYE,1,12/24/2025
BLK_MAS,IXC,TLH_SUB,XLE,2,12/24/2025
BLK_MAS,IXG,TLH_SUB,IYF,1,12/24/2025
BLK_MAS,IXN,TLH_SUB,IYW,1,12/24/2025
BLK_MAS,IXUS,TLH_SUB,TLTD,1,12/24/2025
BLK_MAS,IYE,TLH_SUB,IGE,1,12/24/2025
BLK_MAS,IYF,TLH_SUB,IXG,1,12/24/2025
BLK_MAS,IYF,TLH_SUB,IJH,2,12/24/2025
BLK_MAS,IYF,TLH_SUB,IJJ,3,12/24/2025
BLK_MAS,IYG,TLH_SUB,IXG,1,12/24/2025
BLK_MAS,IYG,TLH_SUB,SMMD,2,12/24/2025
BLK_MAS,IYG,TLH_SUB,IWS,3,12/24/2025
BLK_MAS,IYH,TLH_SUB,IXJ,1,12/24/2025
BLK_MAS,IYJ,TLH_SUB,EXI,1,12/24/2025
BLK_MAS,IYR,TLH_SUB,REET,1,12/24/2025
BLK_MAS,IYR,TLH_SUB,REZ,2,12/24/2025
BLK_MAS,IYT,TLH_SUB,XTN,1,12/24/2025
BLK_MAS,IYW,TLH_SUB,IGM,1,12/24/2025
BLK_MAS,JAAA,TLH_SUB,FLTR,1,12/24/2025
BLK_MAS,JAVA,TLH_SUB,SCHV,1,12/24/2025
BLK_MAS,JBND,TLH_SUB,SPAB,1,12/24/2025
BLK_MAS,JBND,TLH_SUB,BND,2,12/24/2025
BLK_MAS,JCPB,TLH_SUB,BND,1,12/24/2025
BLK_MAS,JEPI,TLH_SUB,FVD,1,12/24/2025
BLK_MAS,JEPQ,TLH_SUB,IWY,1,12/24/2025
BLK_MAS,JGRO,TLH_SUB,NULG,1,12/24/2025
BLK_MAS,JGRO,TLH_SUB,QQMG,2,12/24/2025
BLK_MAS,JIG,TLH_SUB,EFG,1,12/24/2025
BLK_MAS,JIRE,TLH_SUB,VEA,1,12/24/2025
BLK_MAS,JIRE,TLH_SUB,BBIN,2,12/24/2025
BLK_MAS,JMBS,TLH_SUB,VMBS,1,12/24/2025
BLK_MAS,JMOM,TLH_SUB,FDMO,1,12/24/2025
BLK_MAS,JMST,TLH_SUB,MEAR,1,12/24/2025
BLK_MAS,JMTG,TLH_SUB,BND,1,12/24/2025
BLK_MAS,JMTG,TLH_SUB,SCHZ,2,12/24/2025
BLK_MAS,JMUB,TLH_SUB,VTEB,1,12/24/2025
BLK_MAS,JNK,TLH_SUB,SPHY,1,12/24/2025
BLK_MAS,JPIN,TLH_SUB,VEA,1,12/24/2025
BLK_MAS,JPME,TLH_SUB,JPUS,1,12/24/2025
BLK_MAS,JPST,TLH_SUB,ICSH,1,12/24/2025
BLK_MAS,JQUA,TLH_SUB,QUAL,1,12/24/2025
BLK_MAS,JVAL,TLH_SUB,VLU,1,12/24/2025
BLK_MAS,KBWY,TLH_SUB,VNQ,1,12/24/2025
BLK_MAS,KBWY,TLH_SUB,RWR,2,12/24/2025
BLK_MAS,KXI,TLH_SUB,IYK,1,12/24/2025
BLK_MAS,LCTD,TLH_SUB,ESGD,1,12/24/2025
BLK_MAS,LCTD,TLH_SUB,DMXF,2,12/24/2025
BLK_MAS,LCTD,TLH_SUB,CRBN,3,12/24/2025
BLK_MAS,LCTU,TLH_SUB,XVV,1,12/24/2025
BLK_MAS,LEMB,TLH_SUB,EBND,1,12/24/2025
BLK_MAS,LGLV,TLH_SUB,USMV,1,12/24/2025
BLK_MAS,LGOV,TLH_SUB,GOVI,1,12/24/2025
BLK_MAS,LMBS,TLH_SUB,SPSB,1,12/24/2025
BLK_MAS,LQD,TLH_SUB,USIG,1,12/24/2025
BLK_MAS,LQDH,TLH_SUB,IGBH,1,12/24/2025
BLK_MAS,LQDW,TLH_SUB,IGIB,1,12/24/2025
BLK_MAS,LQDW,TLH_SUB,USIG,2,12/24/2025
BLK_MAS,LRGF,TLH_SUB,ITOT,1,12/24/2025
BLK_MAS,LRGF,TLH_SUB,IVV,2,12/24/2025
BLK_MAS,LVHD,TLH_SUB,VYM,1,12/24/2025
BLK_MAS,MBB,TLH_SUB,GNMA,1,12/24/2025
BLK_MAS,MBB,TLH_SUB,VMBS,2,12/24/2025
BLK_MAS,MBS,TLH_SUB,BND,1,12/24/2025
BLK_MAS,MEAR,TLH_SUB,JMST,1,12/24/2025
BLK_MAS,MGC,TLH_SUB,XLG,1,12/24/2025
BLK_MAS,MGK,TLH_SUB,VOOG,1,12/24/2025
BLK_MAS,MGOV,TLH_SUB,SPAB,1,12/24/2025
BLK_MAS,MGV,TLH_SUB,ILCV,1,12/24/2025
BLK_MAS,MINT,TLH_SUB,FLDR,1,12/24/2025
BLK_MAS,MINT,TLH_SUB,FLRN,2,12/24/2025
BLK_MAS,MLN,TLH_SUB,PZA,1,12/24/2025
BLK_MAS,MLN,TLH_SUB,TFI,2,12/24/2025
BLK_MAS,MLPA,TLH_SUB,USAI,1,12/24/2025
BLK_MAS,MMIT,TLH_SUB,VTEB,1,12/24/2025
BLK_MAS,MNA,TLH_SUB,ARB,1,12/24/2025
BLK_MAS,MOAT,TLH_SUB,TILT,1,12/24/2025
BLK_MAS,MTBA,TLH_SUB,SPMB,1,12/24/2025
BLK_MAS,MTUM,TLH_SUB,DYNF,1,12/24/2025
BLK_MAS,MTUM,TLH_SUB,IUSG,2,12/24/2025
BLK_MAS,MTUM,TLH_SUB,IVW,3,12/24/2025
BLK_MAS,MUB,TLH_SUB,VTEB,1,12/24/2025
BLK_MAS,MUB,TLH_SUB,PZA,2,12/24/2025
BLK_MAS,MUB,TLH_SUB,SCMB,3,12/24/2025
BLK_MAS,MUNI,TLH_SUB,SMMU,1,12/24/2025
BLK_MAS,MUNI,TLH_SUB,VTEB,2,12/24/2025
BLK_MAS,NEAR,TLH_SUB,ICSH,1,12/24/2025
BLK_MAS,PWRD,TLH_SUB,ICLN,1,12/24/2025
BLK_MAS,NOBL,TLH_SUB,PFM,1,12/24/2025
BLK_MAS,NUBD,TLH_SUB,VCEB,1,12/24/2025
BLK_MAS,NUHY,TLH_SUB,HYXF,1,12/24/2025
BLK_MAS,OEF,TLH_SUB,IVV,1,12/24/2025
BLK_MAS,OEF,TLH_SUB,IWB,2,12/24/2025
BLK_MAS,OMFL,TLH_SUB,RSP,1,12/24/2025
BLK_MAS,OSEA,TLH_SUB,CVIE,1,12/24/2025
BLK_MAS,OVB,TLH_SUB,IMTB,1,12/24/2025
BLK_MAS,OVF,TLH_SUB,IEFA,1,12/24/2025
BLK_MAS,OVL,TLH_SUB,ITOT,1,12/24/2025
BLK_MAS,OVS,TLH_SUB,SPSM,1,12/24/2025
BLK_MAS,OVT,TLH_SUB,SPIB,1,12/24/2025
BLK_MAS,PAVE,TLH_SUB,IFRA,1,12/24/2025
BLK_MAS,PBTP,TLH_SUB,BSV,1,12/24/2025
BLK_MAS,PCRB,TLH_SUB,NUBD,1,12/24/2025
BLK_MAS,PCY,TLH_SUB,VWOB,1,12/24/2025
BLK_MAS,PDBC,TLH_SUB,COMT,1,12/24/2025
BLK_MAS,PFF,TLH_SUB,PFFD,1,12/24/2025
BLK_MAS,PFIG,TLH_SUB,SPIB,1,12/24/2025
BLK_MAS,PFIG,TLH_SUB,SKOR,2,12/24/2025
BLK_MAS,PHYL,TLH_SUB,HYLB,1,12/24/2025
BLK_MAS,PHYL,TLH_SUB,SPHY,2,12/24/2025
BLK_MAS,PIFI,TLH_SUB,GVI,1,12/24/2025
BLK_MAS,PNOV,TLH_SUB,BUFF,1,12/24/2025
BLK_MAS,PPA,TLH_SUB,XAR,1,12/24/2025
BLK_MAS,PRF,TLH_SUB,VONV,1,12/24/2025
BLK_MAS,PSEP,TLH_SUB,XYLD,1,12/24/2025
BLK_MAS,PSK,TLH_SUB,PFF,1,12/24/2025
BLK_MAS,PTLC,TLH_SUB,CFO,1,12/24/2025
BLK_MAS,PULS,TLH_SUB,FLRN,1,12/24/2025
BLK_MAS,PULS,TLH_SUB,BILS,2,12/24/2025
BLK_MAS,PVAL,TLH_SUB,SCHV,1,12/24/2025
BLK_MAS,PVAL,TLH_SUB,VONV,2,12/24/2025
BLK_MAS,PWV,TLH_SUB,SCHV,1,12/24/2025
BLK_MAS,PWV,TLH_SUB,VONV,2,12/24/2025
BLK_MAS,PWZ,TLH_SUB,CMF,1,12/24/2025
BLK_MAS,PWZ,TLH_SUB,PZA,2,12/24/2025
BLK_MAS,PYLD,TLH_SUB,SPIB,1,12/24/2025
BLK_MAS,PZA,TLH_SUB,TFI,1,12/24/2025
BLK_MAS,PZA,TLH_SUB,MLN,2,12/24/2025
BLK_MAS,QDF,TLH_SUB,FNDX,1,12/24/2025
BLK_MAS,QEMM,TLH_SUB,GEM,1,12/24/2025
BLK_MAS,QHY,TLH_SUB,HYLB,1,12/24/2025
BLK_MAS,QHY,TLH_SUB,SPHY,2,12/24/2025
BLK_MAS,QLTA,TLH_SUB,LQD,1,12/24/2025
BLK_MAS,QLTA,TLH_SUB,USIG,2,12/24/2025
BLK_MAS,QQEW,TLH_SUB,IGM,1,12/24/2025
BLK_MAS,QQQ,TLH_SUB,IETC,1,12/24/2025
BLK_MAS,QQQM,TLH_SUB,VUG,1,12/24/2025
BLK_MAS,QQQM,TLH_SUB,MGK,2,12/24/2025
BLK_MAS,QUAL,TLH_SUB,IWB,1,12/24/2025
BLK_MAS,RDVY,TLH_SUB,DIVB,1,12/24/2025
BLK_MAS,REET,TLH_SUB,USRT,1,12/24/2025
BLK_MAS,RING,TLH_SUB,SLVP,1,12/24/2025
BLK_MAS,RODM,TLH_SUB,DEEF,1,12/24/2025
BLK_MAS,RSP,TLH_SUB,GSEW,1,12/24/2025
BLK_MAS,RSP,TLH_SUB,JHML,2,12/24/2025
BLK_MAS,RSPG,TLH_SUB,VDE,1,12/24/2025
BLK_MAS,RSPH,TLH_SUB,VHT,1,12/24/2025
BLK_MAS,RSPT,TLH_SUB,XT,1,12/24/2025
BLK_MAS,RSPT,TLH_SUB,VGT,2,12/24/2025
BLK_MAS,RSPT,TLH_SUB,FTEC,3,12/24/2025
BLK_MAS,SCHA,TLH_SUB,VB,1,12/24/2025
BLK_MAS,SCHB,TLH_SUB,QLC,1,12/24/2025
BLK_MAS,SCHD,TLH_SUB,HDV,1,12/24/2025
BLK_MAS,SCHD,TLH_SUB,VYM,2,12/24/2025
BLK_MAS,SCHD,TLH_SUB,VTV,3,12/24/2025
BLK_MAS,SCHE,TLH_SUB,SPEM,1,12/24/2025
BLK_MAS,SCHF,TLH_SUB,GSIE,1,12/24/2025
BLK_MAS,SCHG,TLH_SUB,XLG,1,12/24/2025
BLK_MAS,SCHI,TLH_SUB,CORP,1,12/24/2025
BLK_MAS,SCHJ,TLH_SUB,SLQD,1,12/24/2025
BLK_MAS,SCHM,TLH_SUB,JHMM,1,12/24/2025
BLK_MAS,SCHO,TLH_SUB,SHY,1,12/24/2025
BLK_MAS,SCHP,TLH_SUB,STPZ,1,12/24/2025
BLK_MAS,SCHQ,TLH_SUB,TLT,1,12/24/2025
BLK_MAS,SCHR,TLH_SUB,IEI,1,12/24/2025
BLK_MAS,SCHV,TLH_SUB,MGV,1,12/24/2025
BLK_MAS,SCHX,TLH_SUB,XLG,1,12/24/2025
BLK_MAS,SCHY,TLH_SUB,HDEF,1,12/24/2025
BLK_MAS,SCHZ,TLH_SUB,BIV,1,12/24/2025
BLK_MAS,SCMB,TLH_SUB,MUB,1,12/24/2025
BLK_MAS,SCMB,TLH_SUB,VTEB,2,12/24/2025
BLK_MAS,SDVY,TLH_SUB,SLYV,1,12/24/2025
BLK_MAS,SFY,TLH_SUB,SPYG,1,12/24/2025
BLK_MAS,SGOV,TLH_SUB,TFLO,1,12/24/2025
BLK_MAS,SGOV,TLH_SUB,SHV,2,12/24/2025
BLK_MAS,SHLD,TLH_SUB,XAR,1,12/24/2025
BLK_MAS,SHM,TLH_SUB,SMB,1,12/24/2025
BLK_MAS,SHV,TLH_SUB,ICSH,1,12/24/2025
BLK_MAS,SHY,TLH_SUB,SHV,1,12/24/2025
BLK_MAS,SHY,TLH_SUB,ISTB,2,12/24/2025
BLK_MAS,SHYD,TLH_SUB,HYMB,1,12/24/2025
BLK_MAS,SHYG,TLH_SUB,SJNK,1,12/24/2025
BLK_MAS,SIHY,TLH_SUB,SPHY,1,12/24/2025
BLK_MAS,SIHY,TLH_SUB,HYLB,2,12/24/2025
BLK_MAS,SIVR,TLH_SUB,SLV,1,12/24/2025
BLK_MAS,SIZE,TLH_SUB,IWR,1,12/24/2025
BLK_MAS,SJNK,TLH_SUB,USHY,1,12/24/2025
BLK_MAS,SKOR,TLH_SUB,SPIB,1,12/24/2025
BLK_MAS,SLV,TLH_SUB,SIL,1,12/24/2025
BLK_MAS,SLYG,TLH_SUB,IJR,1,12/24/2025
BLK_MAS,SMDV,TLH_SUB,REGL,1,12/24/2025
BLK_MAS,SMH,TLH_SUB,XSD,1,12/24/2025
BLK_MAS,SMIG,TLH_SUB,SMMD,1,12/24/2025
BLK_MAS,SMLF,TLH_SUB,IJR,1,12/24/2025
BLK_MAS,SMMU,TLH_SUB,SUB,1,12/24/2025
BLK_MAS,SOXX,TLH_SUB,IYW,1,12/24/2025
BLK_MAS,SOXX,TLH_SUB,IGM,2,12/24/2025
BLK_MAS,SPAB,TLH_SUB,BIV,1,12/24/2025
BLK_MAS,SPBO,TLH_SUB,CORP,1,12/24/2025
BLK_MAS,SPDW,TLH_SUB,IXUS,1,12/24/2025
BLK_MAS,SPEM,TLH_SUB,IEMG,1,12/24/2025
BLK_MAS,SPGM,TLH_SUB,CWI,1,12/24/2025
BLK_MAS,SPGM,TLH_SUB,VT,2,12/24/2025
BLK_MAS,SPGP,TLH_SUB,QQQ,1,12/24/2025
BLK_MAS,SPHQ,TLH_SUB,JQUA,1,12/24/2025
BLK_MAS,SPHQ,TLH_SUB,SPY,2,12/24/2025
BLK_MAS,SPHY,TLH_SUB,HYLB,1,12/24/2025
BLK_MAS,SPIB,TLH_SUB,IGIB,1,12/24/2025
BLK_MAS,SPIP,TLH_SUB,STPZ,1,12/24/2025
BLK_MAS,SPLB,TLH_SUB,ILTB,1,12/24/2025
BLK_MAS,SPYM,TLH_SUB,OEF,1,12/24/2025
BLK_MAS,SPYM,TLH_SUB,JQUA,2,12/24/2025
BLK_MAS,SPYM,TLH_SUB,JMOM,3,12/24/2025
BLK_MAS,SPLV,TLH_SUB,USMV,1,12/24/2025
BLK_MAS,SPMB,TLH_SUB,AGZ,1,12/24/2025
BLK_MAS,SPMD,TLH_SUB,IWR,1,12/24/2025
BLK_MAS,SPMO,TLH_SUB,JMOM,1,12/24/2025
BLK_MAS,SPSB,TLH_SUB,IGSB,1,12/24/2025
BLK_MAS,SPSM,TLH_SUB,PRFZ,1,12/24/2025
BLK_MAS,SPTI,TLH_SUB,IEI,1,12/24/2025
BLK_MAS,SPTL,TLH_SUB,TLT,1,12/24/2025
BLK_MAS,SPTM,TLH_SUB,JQUA,1,12/24/2025
BLK_MAS,SPTS,TLH_SUB,SHY,1,12/24/2025
BLK_MAS,SPY,TLH_SUB,OEF,1,12/24/2025
BLK_MAS,SPY,TLH_SUB,JQUA,2,12/24/2025
BLK_MAS,SPYD,TLH_SUB,DVY,1,12/24/2025
BLK_MAS,SPYG,TLH_SUB,SCHG,1,12/24/2025
BLK_MAS,SPYV,TLH_SUB,VONV,1,12/24/2025
BLK_MAS,SPYX,TLH_SUB,SUSA,1,12/24/2025
BLK_MAS,SPYX,TLH_SUB,USSG,2,12/24/2025
BLK_MAS,STIP,TLH_SUB,TIP,1,12/24/2025
BLK_MAS,STIP,TLH_SUB,ISTB,2,12/24/2025
BLK_MAS,SUB,TLH_SUB,SHM,1,12/24/2025
BLK_MAS,SUSA,TLH_SUB,SUSL,1,12/24/2025
BLK_MAS,SUSA,TLH_SUB,ESGU,2,12/24/2025
BLK_MAS,SUSB,TLH_SUB,SLQD,1,12/24/2025
BLK_MAS,SUSC,TLH_SUB,LQD,1,12/24/2025
BLK_MAS,SUSL,TLH_SUB,ESGU,1,12/24/2025
BLK_MAS,SYSB,TLH_SUB,GVI,1,12/24/2025
BLK_MAS,TAXF,TLH_SUB,VTEB,1,12/24/2025
BLK_MAS,TCAF,TLH_SUB,SPY,1,12/24/2025
BLK_MAS,TCAF,TLH_SUB,SPYM,2,12/24/2025
BLK_MAS,TECB,TLH_SUB,IGM,1,12/24/2025
BLK_MAS,TECL,TLH_SUB,TQQQ,1,12/24/2025
BLK_MAS,TFI,TLH_SUB,ITM,1,12/24/2025
BLK_MAS,TFLO,TLH_SUB,SGOV,1,12/24/2025
BLK_MAS,TFLO,TLH_SUB,SHV,2,12/24/2025
BLK_MAS,THRO,TLH_SUB,IWL,1,12/24/2025
BLK_MAS,TIP,TLH_SUB,STIP,1,12/24/2025
BLK_MAS,TIP,TLH_SUB,IUSB,2,12/24/2025
BLK_MAS,TIPX,TLH_SUB,SCHP,1,12/24/2025
BLK_MAS,TIPX,TLH_SUB,SPIP,2,12/24/2025
BLK_MAS,TLH,TLH_SUB,TLT,1,12/24/2025
BLK_MAS,TLH,TLH_SUB,ILTB,2,12/24/2025
BLK_MAS,TLH,TLH_SUB,IEF,3,12/24/2025
BLK_MAS,TLT,TLH_SUB,TLH,1,12/24/2025
BLK_MAS,TOUS,TLH_SUB,BBIN,1,12/24/2025
BLK_MAS,TOUS,TLH_SUB,VEA,2,12/24/2025
BLK_MAS,TSPA,TLH_SUB,JHML,1,12/24/2025
BLK_MAS,TSPA,TLH_SUB,SPHQ,2,12/24/2025
BLK_MAS,ABFL,TLH_SUB,FQAL,1,12/24/2025
BLK_MAS,ABLG,TLH_SUB,IQLT,1,12/24/2025
BLK_MAS,UBND,TLH_SUB,BND,1,12/24/2025
BLK_MAS,UCON,TLH_SUB,FIXD,1,12/24/2025
BLK_MAS,URA,TLH_SUB,URNM,1,12/24/2025
BLK_MAS,URTH,TLH_SUB,SPGM,1,12/24/2025
BLK_MAS,USFR,TLH_SUB,TFLO,1,12/24/2025
BLK_MAS,USHY,TLH_SUB,HYG,1,12/24/2025
BLK_MAS,USIG,TLH_SUB,LQD,1,12/24/2025
BLK_MAS,USMV,TLH_SUB,IWB,1,12/24/2025
BLK_MAS,USRT,TLH_SUB,VNQ,1,12/24/2025
BLK_MAS,USXF,TLH_SUB,SUSL,1,12/24/2025
BLK_MAS,VB,TLH_SUB,SCHA,1,12/24/2025
BLK_MAS,VBK,TLH_SUB,VTWG,1,12/24/2025
BLK_MAS,VBR,TLH_SUB,VTWV,1,12/24/2025
BLK_MAS,VCIT,TLH_SUB,SPIB,1,12/24/2025
BLK_MAS,VCLT,TLH_SUB,BLV,1,12/24/2025
BLK_MAS,VCRB,TLH_SUB,SCHZ,1,12/24/2025
BLK_MAS,VCRB,TLH_SUB,SPAB,2,12/24/2025
BLK_MAS,VCSH,TLH_SUB,FLTB,1,12/24/2025
BLK_MAS,VEA,TLH_SUB,EFA,1,12/24/2025
BLK_MAS,VEGA,TLH_SUB,BAUG,1,12/24/2025
BLK_MAS,VEU,TLH_SUB,IDEV,1,12/24/2025
BLK_MAS,VFH,TLH_SUB,SPMD,1,12/24/2025
BLK_MAS,VFMO,TLH_SUB,MDYG,1,12/24/2025
BLK_MAS,VGIT,TLH_SUB,GOVT,1,12/24/2025
BLK_MAS,VGLT,TLH_SUB,BLV,1,12/24/2025
BLK_MAS,VGT,TLH_SUB,QQQ,1,12/24/2025
BLK_MAS,VIG,TLH_SUB,DGRW,1,12/24/2025
BLK_MAS,VIGI,TLH_SUB,VXUS,1,12/24/2025
BLK_MAS,VLUE,TLH_SUB,IWD,1,12/24/2025
BLK_MAS,VMBS,TLH_SUB,MBB,1,12/24/2025
BLK_MAS,VNQ,TLH_SUB,BBRE,1,12/24/2025
BLK_MAS,VNQI,TLH_SUB,VXUS,1,12/24/2025
BLK_MAS,VO,TLH_SUB,IWR,1,12/24/2025
BLK_MAS,VONG,TLH_SUB,JMOM,1,12/24/2025
BLK_MAS,VONG,TLH_SUB,VGT,2,12/24/2025
BLK_MAS,VOO,TLH_SUB,XLG,1,12/24/2025
BLK_MAS,VOTE,TLH_SUB,JUST,1,12/24/2025
BLK_MAS,VPU,TLH_SUB,VONV,1,12/24/2025
BLK_MAS,VPU,TLH_SUB,SCHV,2,12/24/2025
BLK_MAS,VSGX,TLH_SUB,EFAX,1,12/24/2025
BLK_MAS,VSLU,TLH_SUB,DUHP,1,12/24/2025
BLK_MAS,VSS,TLH_SUB,SCHC,1,12/24/2025
BLK_MAS,VT,TLH_SUB,SPGM,1,12/24/2025
BLK_MAS,VTC,TLH_SUB,VCIT,1,12/24/2025
BLK_MAS,VTEB,TLH_SUB,MUB,1,12/24/2025
BLK_MAS,VTEB,TLH_SUB,ITM,2,12/24/2025
BLK_MAS,VTEI,TLH_SUB,VTEB,1,12/24/2025
BLK_MAS,VTEI,TLH_SUB,SCMB,2,12/24/2025
BLK_MAS,VTIP,TLH_SUB,STPZ,1,12/24/2025
BLK_MAS,VTV,TLH_SUB,IWX,1,12/24/2025
BLK_MAS,VUG,TLH_SUB,RPG,1,12/24/2025
BLK_MAS,VV,TLH_SUB,XLG,1,12/24/2025
BLK_MAS,VWO,TLH_SUB,SPEM,1,12/24/2025
BLK_MAS,VWOB,TLH_SUB,EMB,1,12/24/2025
BLK_MAS,VXF,TLH_SUB,SPMD,1,12/24/2025
BLK_MAS,VXF,TLH_SUB,SCHM,2,12/24/2025
BLK_MAS,VYM,TLH_SUB,SDY,1,12/24/2025
BLK_MAS,VYMI,TLH_SUB,HDEF,1,12/24/2025
BLK_MAS,WCLD,TLH_SUB,CLOU,1,12/24/2025
BLK_MAS,XAR,TLH_SUB,SHLD,1,12/24/2025
BLK_MAS,XCEM,TLH_SUB,EMXC,1,12/24/2025
BLK_MAS,XJR,TLH_SUB,ESML,1,12/24/2025
BLK_MAS,XLB,TLH_SUB,IYM,1,12/24/2025
BLK_MAS,XLC,TLH_SUB,IXP,1,12/24/2025
BLK_MAS,XLE,TLH_SUB,IXC,1,12/24/2025
BLK_MAS,XLF,TLH_SUB,IYG,1,12/24/2025
BLK_MAS,XLG,TLH_SUB,BKLC,1,12/24/2025
BLK_MAS,XLI,TLH_SUB,IYJ,1,12/24/2025
BLK_MAS,XLK,TLH_SUB,QQQ,1,12/24/2025
BLK_MAS,XLP,TLH_SUB,KXI,1,12/24/2025
BLK_MAS,XLRE,TLH_SUB,VNQ,1,12/24/2025
BLK_MAS,XLU,TLH_SUB,JXI,1,12/24/2025
BLK_MAS,XLV,TLH_SUB,IXJ,1,12/24/2025
BLK_MAS,XLY,TLH_SUB,IYC,1,12/24/2025
BLK_MAS,XMHQ,TLH_SUB,IJK,1,12/24/2025
BLK_MAS,XMLV,TLH_SUB,VO,1,12/24/2025
BLK_MAS,XMLV,TLH_SUB,MDY,2,12/24/2025
BLK_MAS,XNTK,TLH_SUB,IXN,1,12/24/2025
BLK_MAS,XSOE,TLH_SUB,IEMG,1,12/24/2025
BLK_MAS,XT,TLH_SUB,IXN,1,12/24/2025
BLK_MAS,XTEN,TLH_SUB,VGLT,1,12/24/2025
BLK_MAS,XTEN,TLH_SUB,SPTL,2,12/24/2025
BLK_MAS,YLD,TLH_SUB,SPHY,1,12/24/2025
BLK_MAS,YLD,TLH_SUB,HYLB,2,12/24/2025